seed	vmh
biomass0	biomass0
R00915	R00915
R03472	R03472
R06895	CPPPGO2
R08892	R08892
R08893	R08893
EX_cpd00001_e	EX_h2o_LPAREN_e_RPAREN_
EX_cpd00006_e	EX_nadp_LPAREN_e_RPAREN_
EX_cpd00007_e	EX_o2_LPAREN_e_RPAREN_
EX_cpd00009_e	EX_pi_LPAREN_e_RPAREN_
EX_cpd00010_e	EX_coa_LPAREN_e_RPAREN_
EX_cpd00011_e	EX_co2_LPAREN_e_RPAREN_
EX_cpd00012_e	EX_ppi_LPAREN_e_RPAREN_
EX_cpd00013_e	EX_nh4_LPAREN_e_RPAREN_
EX_cpd00017_e	EX_amet_LPAREN_e_RPAREN_
EX_cpd00018_e	EX_amp_LPAREN_e_RPAREN_
EX_cpd00023_e	EX_glu_L_LPAREN_e_RPAREN_
EX_cpd00024_e	EX_akg_LPAREN_e_RPAREN_
EX_cpd00027_e	EX_glc_LPAREN_e_RPAREN_
EX_cpd00028_e	EX_pheme_LPAREN_e_RPAREN_
EX_cpd00029_e	EX_ac_LPAREN_e_RPAREN_
EX_cpd00030_e	EX_mn2_LPAREN_e_RPAREN_
EX_cpd00032_e	EX_oaa_LPAREN_e_RPAREN_
EX_cpd00033_e	EX_gly_LPAREN_e_RPAREN_
EX_cpd00034_e	EX_zn2_LPAREN_e_RPAREN_
EX_cpd00035_e	EX_ala_L_LPAREN_e_RPAREN_
EX_cpd00036_e	EX_succ_LPAREN_e_RPAREN_
EX_cpd00038_e	EX_gtp_LPAREN_e_RPAREN_
EX_cpd00039_e	EX_lys_L_LPAREN_e_RPAREN_
EX_cpd00041_e	EX_asp_L_LPAREN_e_RPAREN_
EX_cpd00042_e	EX_gthrd_LPAREN_e_RPAREN_
EX_cpd00046_e	EX_cmp_LPAREN_e_RPAREN_
EX_cpd00047_e	EX_for_LPAREN_e_RPAREN_
EX_cpd00048_e	EX_so4_LPAREN_e_RPAREN_
EX_cpd00051_e	EX_arg_L_LPAREN_e_RPAREN_
EX_cpd00053_e	EX_gln_L_LPAREN_e_RPAREN_
EX_cpd00054_e	EX_ser_L_LPAREN_e_RPAREN_
EX_cpd00058_e	EX_cu2_LPAREN_e_RPAREN_
EX_cpd00060_e	EX_met_L_LPAREN_e_RPAREN_
EX_cpd00061_e	EX_pep_LPAREN_e_RPAREN_
EX_cpd00063_e	EX_ca2_LPAREN_e_RPAREN_
EX_cpd00064_e	EX_orn_LPAREN_e_RPAREN_
EX_cpd00065_e	EX_trp_L_LPAREN_e_RPAREN_
EX_cpd00066_e	EX_phe_L_LPAREN_e_RPAREN_
EX_cpd00067_e	EX_h_LPAREN_e_RPAREN_
EX_cpd00069_e	EX_tyr_L_LPAREN_e_RPAREN_
EX_cpd00072_e	EX_f6p_LPAREN_e_RPAREN_
EX_cpd00073_e	EX_urea_LPAREN_e_RPAREN_
EX_cpd00075_e	EX_no2_LPAREN_e_RPAREN_
EX_cpd00076_e	EX_sucr_LPAREN_e_RPAREN_
EX_cpd00079_e	EX_g6p_LPAREN_e_RPAREN_
EX_cpd00080_e	EX_glyc3p_LPAREN_e_RPAREN_
EX_cpd00081_e	EX_so3_LPAREN_e_RPAREN_
EX_cpd00082_e	EX_fru_LPAREN_e_RPAREN_
EX_cpd00084_e	EX_cys_L_LPAREN_e_RPAREN_
EX_cpd00085_e	EX_ala_B_LPAREN_e_RPAREN_
EX_cpd00089_e	EX_g1p_LPAREN_e_RPAREN_
EX_cpd00091_e	EX_ump_LPAREN_e_RPAREN_
EX_cpd00092_e	EX_ura_LPAREN_e_RPAREN_
EX_cpd00093_e	EX_anth_LPAREN_e_RPAREN_
EX_cpd00098_e	EX_chol_LPAREN_e_RPAREN_
EX_cpd00099_e	EX_cl_LPAREN_e_RPAREN_
EX_cpd00100_e	EX_glyc_LPAREN_e_RPAREN_
EX_cpd00104_e	EX_btn_LPAREN_e_RPAREN_
EX_cpd00105_e	EX_rib_D_LPAREN_e_RPAREN_
EX_cpd00106_e	EX_fum_LPAREN_e_RPAREN_
EX_cpd00107_e	EX_leu_L_LPAREN_e_RPAREN_
EX_cpd00108_e	EX_gal_LPAREN_e_RPAREN_
EX_cpd00111_e	EX_gthox_LPAREN_e_RPAREN_
EX_cpd00115_e	EX_datp_LPAREN_e_RPAREN_
EX_cpd00117_e	EX_ala_D_LPAREN_e_RPAREN_
EX_cpd00118_e	EX_ptrc_LPAREN_e_RPAREN_
EX_cpd00119_e	EX_his_L_LPAREN_e_RPAREN_
EX_cpd00121_e	EX_inost_LPAREN_e_RPAREN_
EX_cpd00122_e	EX_acgam_LPAREN_e_RPAREN_
EX_cpd00126_e	EX_gmp_LPAREN_e_RPAREN_
EX_cpd00129_e	EX_pro_L_LPAREN_e_RPAREN_
EX_cpd00130_e	EX_mal_L_LPAREN_e_RPAREN_
EX_cpd00132_e	EX_asn_L_LPAREN_e_RPAREN_
EX_cpd00133_e	EX_ncam_LPAREN_e_RPAREN_
EX_cpd00136_e	EX_4hbz_LPAREN_e_RPAREN_
EX_cpd00137_e	EX_cit_LPAREN_e_RPAREN_
EX_cpd00138_e	EX_man_LPAREN_e_RPAREN_
EX_cpd00139_e	EX_glyclt_LPAREN_e_RPAREN_
EX_cpd00141_e	EX_ppa_LPAREN_e_RPAREN_
EX_cpd00142_e	EX_acac_LPAREN_e_RPAREN_
EX_cpd00149_e	EX_cobalt2_LPAREN_e_RPAREN_
EX_cpd00152_e	EX_agm_LPAREN_e_RPAREN_
EX_cpd00154_e	EX_xyl_D_LPAREN_e_RPAREN_
EX_cpd00156_e	EX_val_L_LPAREN_e_RPAREN_
EX_cpd00158_e	EX_cellb_LPAREN_e_RPAREN_
EX_cpd00159_e	EX_lac_L_LPAREN_e_RPAREN_
EX_cpd00161_e	EX_thr_L_LPAREN_e_RPAREN_
EX_cpd00162_e	EX_etha_LPAREN_e_RPAREN_
EX_cpd00164_e	EX_glcur_LPAREN_e_RPAREN_
EX_cpd00176_e	EX_2ddglcn_LPAREN_e_RPAREN_
EX_cpd00179_e	EX_malt_LPAREN_e_RPAREN_
EX_cpd00182_e	EX_adn_LPAREN_e_RPAREN_
EX_cpd00184_e	EX_thymd_LPAREN_e_RPAREN_
EX_cpd00185_e	EX_arab_D_LPAREN_e_RPAREN_
EX_cpd00186_e	EX_glu_D_LPAREN_e_RPAREN_
EX_cpd00205_e	EX_k_LPAREN_e_RPAREN_
EX_cpd00208_e	EX_lcts_LPAREN_e_RPAREN_
EX_cpd00209_e	EX_no3_LPAREN_e_RPAREN_
EX_cpd00210_e	EX_taur_LPAREN_e_RPAREN_
EX_cpd00211_e	EX_but_LPAREN_e_RPAREN_
EX_cpd00214_e	EX_hdca_LPAREN_e_RPAREN_
EX_cpd00215_e	EX_pydx_LPAREN_e_RPAREN_
EX_cpd00216_e	EX_chor_LPAREN_e_RPAREN_
EX_cpd00218_e	EX_nac_LPAREN_e_RPAREN_
EX_cpd00220_e	EX_ribflv_LPAREN_e_RPAREN_
EX_cpd00221_e	EX_lac_D_LPAREN_e_RPAREN_
EX_cpd00222_e	EX_glcn_LPAREN_e_RPAREN_
EX_cpd00224_e	EX_arab_L_LPAREN_e_RPAREN_
EX_cpd00226_e	EX_hxan_LPAREN_e_RPAREN_
EX_cpd00229_e	EX_gcald_LPAREN_e_RPAREN_
EX_cpd00232_e	EX_acnam_LPAREN_e_RPAREN_
EX_cpd00235_e	EX_man6p_LPAREN_e_RPAREN_
EX_cpd00239_e	EX_h2s_LPAREN_e_RPAREN_
EX_cpd00241_e	EX_dgtp_LPAREN_e_RPAREN_
EX_cpd00242_e	EX_hco3_LPAREN_e_RPAREN_
EX_cpd00244_e	EX_ni2_LPAREN_e_RPAREN_
EX_cpd00246_e	EX_ins_LPAREN_e_RPAREN_
EX_cpd00247_e	EX_orot_LPAREN_e_RPAREN_
EX_cpd00249_e	EX_uri_LPAREN_e_RPAREN_
EX_cpd00254_e	EX_mg2_LPAREN_e_RPAREN_
EX_cpd00260_e	EX_icit_LPAREN_e_RPAREN_
EX_cpd00263_e	EX_pydxn_LPAREN_e_RPAREN_
EX_cpd00264_e	EX_spmd_LPAREN_e_RPAREN_
EX_cpd00266_e	EX_crn_LPAREN_e_RPAREN_
EX_cpd00268_e	EX_tsul_LPAREN_e_RPAREN_
EX_cpd00276_e	EX_gam_LPAREN_e_RPAREN_
EX_cpd00277_e	EX_dgsn_LPAREN_e_RPAREN_
EX_cpd00280_e	EX_galur_LPAREN_e_RPAREN_
EX_cpd00281_e	EX_4abut_LPAREN_e_RPAREN_
EX_cpd00284_e	EX_6pgc_LPAREN_e_RPAREN_
EX_cpd00285_e	EX_ethamp_LPAREN_e_RPAREN_
EX_cpd00288_e	EX_gam6p_LPAREN_e_RPAREN_
EX_cpd00298_e	EX_dtmp_LPAREN_e_RPAREN_
EX_cpd00305_e	EX_thm_LPAREN_e_RPAREN_
EX_cpd00307_e	EX_csn_LPAREN_e_RPAREN_
EX_cpd00308_e	EX_HC00319_LPAREN_e_RPAREN_
EX_cpd00309_e	EX_xan_LPAREN_e_RPAREN_
EX_cpd00311_e	EX_gsn_LPAREN_e_RPAREN_
EX_cpd00314_e	EX_mnl_LPAREN_e_RPAREN_
EX_cpd00322_e	EX_ile_L_LPAREN_e_RPAREN_
EX_cpd00338_e	EX_5aop_LPAREN_e_RPAREN_
EX_cpd00355_e	EX_nmn_LPAREN_e_RPAREN_
EX_cpd00357_e	EX_dttp_LPAREN_e_RPAREN_
EX_cpd00359_e	EX_indole_LPAREN_e_RPAREN_
EX_cpd00367_e	EX_cytd_LPAREN_e_RPAREN_
EX_cpd00383_e	EX_skm_LPAREN_e_RPAREN_
EX_cpd00388_e	EX_alltt_LPAREN_e_RPAREN_
EX_cpd00393_e	EX_fol_LPAREN_e_RPAREN_
EX_cpd00395_e	EX_Lcyst_LPAREN_e_RPAREN_
EX_cpd00396_e	EX_rmn_LPAREN_e_RPAREN_
EX_cpd00412_e	EX_duri_LPAREN_e_RPAREN_
EX_cpd00421_e	EX_pppi_LPAREN_e_RPAREN_
EX_cpd00423_e	EX_cbl2_LPAREN_e_RPAREN_
EX_cpd00438_e	EX_dad_2_LPAREN_e_RPAREN_
EX_cpd00441_e	EX_tma_LPAREN_e_RPAREN_
EX_cpd00443_e	EX_4abz_LPAREN_e_RPAREN_
EX_cpd00492_e	EX_acmana_LPAREN_e_RPAREN_
EX_cpd00507_e	EX_g3pc_LPAREN_e_RPAREN_
EX_cpd00516_e	EX_26dap_M_LPAREN_e_RPAREN_
EX_cpd00528_e	EX_n2_LPAREN_e_RPAREN_
EX_cpd00531_e	EX_hg2_LPAREN_e_RPAREN_
EX_cpd00540_e	EX_glyb_LPAREN_e_RPAREN_
EX_cpd00550_e	EX_ser_D_LPAREN_e_RPAREN_
EX_cpd00573_e	EX_idon_L_LPAREN_e_RPAREN_
EX_cpd00588_e	EX_sbt-d_LPAREN_e_RPAREN_
EX_cpd00599_e	EX_salc_LPAREN_e_RPAREN_
EX_cpd00609_e	EX_glcr_LPAREN_e_RPAREN_
EX_cpd00635_e	EX_cbl1_LPAREN_e_RPAREN_
EX_cpd00637_e	EX_met_D_LPAREN_e_RPAREN_
EX_cpd00644_e	EX_pnto_R_LPAREN_e_RPAREN_
EX_cpd00652_e	EX_galct_D_LPAREN_e_RPAREN_
EX_cpd00653_e	EX_galctn_D_LPAREN_e_RPAREN_
EX_cpd00654_e	EX_dcyt_LPAREN_e_RPAREN_
EX_cpd00655_e	EX_dpcoa_LPAREN_e_RPAREN_
EX_cpd00681_e	EX_chols_LPAREN_e_RPAREN_
EX_cpd00696_e	EX_35ccmp_LPAREN_e_RPAREN_
EX_cpd00793_e	EX_thmmp_LPAREN_e_RPAREN_
EX_cpd00794_e	EX_tre_LPAREN_e_RPAREN_
EX_cpd00797_e	EX_bhb_LPAREN_e_RPAREN_
EX_cpd00811_e	EX_tmao_LPAREN_e_RPAREN_
EX_cpd00870_e	EX_gbbtn_LPAREN_e_RPAREN_
EX_cpd00971_e	EX_na1_LPAREN_e_RPAREN_
EX_cpd01012_e	EX_cd2_LPAREN_e_RPAREN_
EX_cpd01015_e	EX_cynt_LPAREN_e_RPAREN_
EX_cpd01017_e	EX_cgly_LPAREN_e_RPAREN_
EX_cpd01030_e	EX_salcn_LPAREN_e_RPAREN_
EX_cpd01048_e	EX_aso4_LPAREN_e_RPAREN_
EX_cpd01080_e	EX_ocdca_LPAREN_e_RPAREN_
EX_cpd01092_e	EX_alltn_LPAREN_e_RPAREN_
EX_cpd01133_e	EX_stys_LPAREN_e_RPAREN_
EX_cpd01155_e	EX_15dap_LPAREN_e_RPAREN_
EX_cpd01171_e	EX_galt_LPAREN_e_RPAREN_
EX_cpd01187_e	EX_sbt_L_LPAREN_e_RPAREN_
EX_cpd01188_e	EX_lanost_LPAREN_e_RPAREN_
EX_cpd01217_e	EX_xtsn_LPAREN_e_RPAREN_
EX_cpd01242_e	EX_drib_LPAREN_e_RPAREN_
EX_cpd01262_e	EX_malttr_LPAREN_e_RPAREN_
EX_cpd01329_e	EX_malthx_LPAREN_e_RPAREN_
EX_cpd01400_e	EX_phe_L_LPAREN_e_RPAREN_
EX_cpd01741_e	EX_ddca_LPAREN_e_RPAREN_
EX_cpd01912_e	EX_fuc1p_L_LPAREN_e_RPAREN_
EX_cpd01914_e	EX_metsox_S_L_LPAREN_e_RPAREN_
EX_cpd02027_e	EX_mmet_LPAREN_e_RPAREN_
EX_cpd02227_e	EX_ahcys_LPAREN_e_RPAREN_
EX_cpd02701_e	EX_amob_LPAREN_e_RPAREN_
EX_cpd03048_e	EX_isetac_LPAREN_e_RPAREN_
EX_cpd03091_e	EX_dad-5_LPAREN_e_RPAREN_
EX_cpd03198_e	EX_melib_LPAREN_e_RPAREN_
EX_cpd03279_e	EX_din_LPAREN_e_RPAREN_
EX_cpd03343_e	EX_pppn_LPAREN_e_RPAREN_
EX_cpd03422_e	EX_cbi_LPAREN_e_RPAREN_
EX_cpd03424_e	EX_adpcbl_LPAREN_e_RPAREN_
EX_cpd03535_e	EX_argp_LPAREN_e_RPAREN_
EX_cpd03696_e	EX_arbt_LPAREN_e_RPAREN_
EX_cpd03724_e	EX_fecrm_LPAREN_e_RPAREN_
EX_cpd03725_e	EX_fe3dcit_LPAREN_e_RPAREN_
EX_cpd03847_e	EX_ttdca_LPAREN_e_RPAREN_
EX_cpd04097_e	EX_pb_LPAREN_e_RPAREN_
EX_cpd04098_e	EX_aso3_LPAREN_e_RPAREN_
EX_cpd08023_e	EX_mso3_LPAREN_e_RPAREN_
EX_cpd08305_e	EX_ctbt_LPAREN_e_RPAREN_
EX_cpd08306_e	EX_gbbtn_LPAREN_e_RPAREN_
EX_cpd08636_e	DM_dhptd_LPAREN_c_RPAREN_
EX_cpd09878_e	EX_sulfac_LPAREN_e_RPAREN_
EX_cpd10515_e	EX_fe2_LPAREN_e_RPAREN_
EX_cpd10516_e	EX_fe3_LPAREN_e_RPAREN_
EX_cpd11416_c	EX_biomass_LPAREN_e_RPAREN_
EX_cpd11416_e	EX_biomass_LPAREN_e_RPAREN_
EX_cpd11574_e	EX_mobd_LPAREN_e_RPAREN_
EX_cpd11575_e	EX_mops_LPAREN_e_RPAREN_
EX_cpd11576_e	EX_metsox_R_L_LPAREN_e_RPAREN_
EX_cpd11578_e	EX_hexs_LPAREN_e_RPAREN_
EX_cpd11579_e	EX_ethso3_LPAREN_e_RPAREN_
EX_cpd11580_e	EX_glygln_LPAREN_e_RPAREN_
EX_cpd11581_e	EX_glyasn_LPAREN_e_RPAREN_
EX_cpd11582_e	EX_alathr_LPAREN_e_RPAREN_
EX_cpd11583_e	EX_alaleu_LPAREN_e_RPAREN_
EX_cpd11584_e	EX_alahis_LPAREN_e_RPAREN_
EX_cpd11585_e	EX_alagly_LPAREN_e_RPAREN_
EX_cpd11586_e	EX_alaglu_LPAREN_e_RPAREN_
EX_cpd11587_e	EX_alagln_LPAREN_e_RPAREN_
EX_cpd11588_e	EX_glypro_LPAREN_e_RPAREN_
EX_cpd11589_e	EX_glyasp_LPAREN_e_RPAREN_
EX_cpd11590_e	EX_metala_LPAREN_e_RPAREN_
EX_cpd11591_e	EX_glymet_LPAREN_e_RPAREN_
EX_cpd11592_e	EX_glyglu_LPAREN_e_RPAREN_
EX_cpd11593_e	EX_alaasp_LPAREN_e_RPAREN_
EX_cpd11594_e	EX_dextrin_LPAREN_e_RPAREN_
EX_cpd11595_e	EX_cro4_LPAREN_e_RPAREN_
EX_cpd11596_e	EX_butso3_LPAREN_e_RPAREN_
EX_cpd11597_e	EX_arsenb_LPAREN_e_RPAREN_
EX_cpd11606_e	EX_mqn7_LPAREN_e_RPAREN_
EX_cpd11640_e	EX_h2_LPAREN_e_RPAREN_
EX_cpd15237_e	EX_hdcea_LPAREN_e_RPAREN_
EX_cpd15269_e	EX_ocdcea_LPAREN_e_RPAREN_
EX_cpd15270_e	EX_ocdcya_LPAREN_e_RPAREN_
EX_cpd15302_e	EX_glycogenb_LPAREN_e_RPAREN_
EX_cpd15352_e	EX_2dmmq8_LPAREN_e_RPAREN_
EX_cpd15378_e	EX_4hba_LPAREN_e_RPAREN_
EX_cpd15494_e	EX_malthp_LPAREN_e_RPAREN_
EX_cpd15500_e	EX_mqn8_LPAREN_e_RPAREN_
EX_cpd15560_e	EX_q8_LPAREN_e_RPAREN_
EX_cpd15603_e	EX_glycys_LPAREN_e_RPAREN_
EX_cpd15604_e	EX_glyleu_LPAREN_e_RPAREN_
EX_cpd15605_e	EX_glyphe_LPAREN_e_RPAREN_
EX_cpd15606_e	EX_glytyr_LPAREN_e_RPAREN_
EX_cpd16013_e	EX_phdca_LPAREN_e_RPAREN_
EX_cpd16062_e	EX_Cit_Mg_LPAREN_e_RPAREN_
EX_cpd16336_e	EX_isoprene_LPAREN_e_RPAREN_
EX_cpd16877_e	EX_Nbfortyr_LPAREN_e_RPAREN_
rxn00001_c	PPA
rxn00002_c	ALPHNH
rxn00003_c	ACLS
rxn00006_c	r0010
rxn00007_c	TREH
rxn00010_c	GLXCL
rxn00011_c	ACLS_a
rxn00016_c	AHEXASE3
rxn00018_c	RBPC
rxn00020_c	BGLAr
rxn00022_c	MALT
rxn00025_c	BCDO
rxn00029_c	PPBNGS
rxn00038_c	3HBBUTH
rxn00048_c	RBFSb
rxn00056_c	FERO
rxn00058_c	CYO1b
rxn00060_c	HMBS
rxn00061_c	ATPH1e
rxn00062_c	DM_atp_c_
rxn00065_c	ADNCYC
rxn00066_c	H202D
rxn00068_c	FE2DH
rxn00069_c	GLUSx
rxn00074_c	CBL2D
rxn00076_c	NADDP
rxn00077_c	NADK
rxn00082_c	NWHARGOX
rxn00083_c	THD1
rxn00085_c	GLUOX
rxn00086_c	GTHRD
rxn00090_c	GTHRDOX
rxn00095_c	AP4AH
rxn00097_c	ADK1
rxn00100_c	DPCOAK
rxn00101_c	UREA
rxn00102_c	H2CO3D
rxn00104_c	PPK2
rxn00105_c	NMNATr
rxn00106_c	PPA2
rxn00113_c	CBPS
rxn00114_c	CBMKr
rxn00117_c	NDPK2
rxn00118_c	UTPATPT
rxn00119_c	UMPK
rxn00121_c	FADDP
rxn00122_c	FMNAT
rxn00123_c	PYDXPP
rxn00124_c	PYDXKr
rxn00126_c	METATr
rxn00127_c	ADMDCr
rxn00130_c	AMPDA
rxn00131_c	AMPN
rxn00132_c	NTD7
rxn00134_c	ADNK1
rxn00137_c	BPNT
rxn00138_c	NADS1
rxn00139_c	ADPT
rxn00140_c	PDE1
rxn00141_c	AHC
rxn00143_c	AHCYSNS_r
rxn00145_c	L_LACDr
rxn00146_c	D_LACD
rxn00147_c	PPS
rxn00148_c	PYK
rxn00149_c	MTHGXLDH
rxn00151_c	PPDK
rxn00152_c	PYROX
rxn00157_c	PFL
rxn00159_c	ME1
rxn00160_c	MALDDH
rxn00161_c	ME2
rxn00162_c	OAADC
rxn00165_c	r0060
rxn00166_c	SERD_D
rxn00168_c	PYRDC
rxn00171_c	ACALD
rxn00172_c	ACCOAL2
rxn00173_c	PTAr
rxn00175_c	ACS
rxn00178_c	ACACT1r
rxn00179_c	GLU5K
rxn00182_c	GLUDxi
rxn00183_c	PUTA3
rxn00184_c	GLUDy
rxn00186_c	OPAHir
rxn00187_c	GLNS
rxn00189_c	GLUN
rxn00190_c	NADS2
rxn00191_c	ALATA_L
rxn00192_c	ACGS
rxn00193_c	GLUR
rxn00194_c	GLUDC
rxn00196_c	25DOPOX
rxn00199_c	r0082
rxn00200_c	r0085
rxn00202_c	HCITS
rxn00203_c	OXGDC
rxn00205_c	GTHP
rxn00206_c	SPODM
rxn00208_c	PYAM5POr
rxn00209_c	PDX5PO
rxn00211_c	UDPGDr
rxn00212_c	UDPGP
rxn00213_c	GALU
rxn00214_c	UDPG4E
rxn00216_c	HEX1
rxn00221_c	G1PP
rxn00222_c	BGLA
rxn00223_c	XYLI2
rxn00224_c	FCLTc
rxn00225_c	ACKr
rxn00227_c	ACYP_2
rxn00230_c	PPIACPT
rxn00231_c	AMID4
rxn00234_c	CITMALL
rxn00237_c	NDPK1
rxn00239_c	GK1
rxn00242_c	PPGPPDP
rxn00244_c	OAAH
rxn00245_c	TARTD
rxn00247_c	PPCKr
rxn00248_c	MDH
rxn00250_c	PC
rxn00251_c	PPCr
rxn00252_c	PPIOAACL
rxn00256_c	OAASr
rxn00257_c	ACITL
rxn00258_c	MALCOAPYRCT
rxn00260_c	ASPTA
rxn00262_c	ASPO1
rxn00265_c	CITL
rxn00269_c	GLYO1
rxn00270_c	GNMT
rxn00272_c	AGTi
rxn00274_c	GLYAT
rxn00276_c	GLYOAAAT
rxn00278_c	ALAD_R
rxn00283_c	ALAR
rxn00285_c	SUCOAS
rxn00288_c	SUCD1
rxn00289_c	MCITL2
rxn00290_c	OCOAT1r
rxn00291_c	SGDS
rxn00292_c	UAG2EMA
rxn00293_c	UAGDP
rxn00295_c	UAG4E
rxn00297_c	UAG2E
rxn00299_c	r0120
rxn00300_c	GTPCII
rxn00301_c	r0119
rxn00302_c	GTPCI
rxn00303_c	GTPDPK
rxn00304_c	r0122
rxn00305_c	PEPCK
rxn00306_c	SUCOAS1c
rxn00312_c	LYS2OX
rxn00313_c	DAPDC
rxn00321_c	LYSAM
rxn00322_c	LYSDC
rxn00324_c	GLYCLTDy
rxn00325_c	GLXO2
rxn00327_c	UGLYCH
rxn00328_c	DDPGA
rxn00330_c	GLXS
rxn00331_c	MCAL
rxn00333_c	GLYCTO1
rxn00336_c	ICL
rxn00337_c	ASPK
rxn00338_c	ASPO6
rxn00339_c	ASPNH4L
rxn00340_c	ASNS2
rxn00342_c	r0127
rxn00345_c	NACASPAH
rxn00346_c	ASP1DC
rxn00347_c	ASPT
rxn00350_c	GGTA
rxn00351_c	GTHS
rxn00355_c	GALT
rxn00356_c	UDPGALGLCGT
rxn00358_c	UDPGALM
rxn00359_c	PAPSNH
rxn00361_c	ADSK
rxn00362_c	CMPN
rxn00363_c	NTD4
rxn00364_c	CYTK1
rxn00365_c	CYTDK1
rxn00366_c	CDPDPH
rxn00367_c	NTPP4
rxn00368_c	CYTDK4
rxn00369_c	CYTDK2
rxn00371_c	FDHr
rxn00375_c	NFORGLUAH
rxn00378_c	SULFR
rxn00379_c	SADT
rxn00391_c	ACP1_FMN_
rxn00392_c	RBFK
rxn00393_c	G1PRIBFLVPT
rxn00394_c	ARGN
rxn00395_c	ARGDA
rxn00396_c	ARGKr
rxn00399_c	r0145
rxn00400_c	NOS1
rxn00405_c	ARGDC
rxn00407_c	DCTPD2
rxn00408_c	NTP5
rxn00409_c	NDPK3
rxn00410_c	CTPS1
rxn00411_c	r0153
rxn00412_c	CTPS2
rxn00413_c	CTPPPL
rxn00414_c	CBPS
rxn00416_c	ASNS1
rxn00419_c	HPYRR3x
rxn00420_c	PSP_L
rxn00421_c	PPSERPT
rxn00422_c	SPTc
rxn00423_c	SERATi
rxn00424_c	SGAMT
rxn00427_c	PRDX
rxn00431_c	MAOX2
rxn00433_c	SARCOX
rxn00438_c	TMPKr
rxn00440_c	TMDPK
rxn00441_c	r0163c
rxn00449_c	GULLACO
rxn00451_c	AHCYSMETMT
rxn00452_c	HCYSMT
rxn00456_c	METGL
rxn00459_c	ENO
rxn00460_c	r0165
rxn00461_c	UAGCVT_r
rxn00463_c	NTPP8
rxn00465_c	CITRH
rxn00467_c	ORNTA
rxn00469_c	ACODAr
rxn00470_c	ORNDC
rxn00471_c	ORNCD
rxn00473_c	TRPAS2
rxn00474_c	TRPS2r
rxn00478_c	TRPO2
rxn00479_c	L_TRPCOO
rxn00484_c	LTDCL
rxn00490_c	AROH
rxn00493_c	PHETA1
rxn00497_c	PHYCBOXL
rxn00499_c	LDH_L
rxn00500_c	LDH_D
rxn00501_c	MMSAD3
rxn00502_c	MMSAD4
rxn00503_c	P5CD
rxn00505_c	ICDHx
rxn00506_c	ALDD2x
rxn00508_c	SSALxr
rxn00509_c	SSALyr
rxn00510_c	SACCD2
rxn00512_c	GLYCLTDx
rxn00514_c	NTPP9
rxn00515_c	NDPK9
rxn00519_c	OAACL
rxn00520_c	SUCOAS1
rxn00521_c	TYRL
rxn00525_c	L_AROND
rxn00526_c	L_ARONR
rxn00527_c	TYRTA
rxn00529_c	TYRCBOX
rxn00532_c	MMSAD5
rxn00533_c	ACCOAC
rxn00537_c	PACTH
rxn00539_c	ETHAAL
rxn00540_c	HOPNTAL
rxn00541_c	THRAr
rxn00542_c	LACLi
rxn00543_c	ALCD2x
rxn00544_c	THMPPC
rxn00545_c	PFK
rxn00546_c	M1PD
rxn00547_c	HEX7
rxn00548_c	F6PE4PL
rxn00549_c	FBP
rxn00551_c	PFK(ppi)
rxn00552_c	G6PDA
rxn00553_c	UDPGGT
rxn00555_c	GF6PTA
rxn00556_c	r0191
rxn00558_c	PGI
rxn00559_c	MAN6PI
rxn00566_c	CYSDS
rxn00567_c	NIR
rxn00568_c	NTRIR2x
rxn00569_c	NTRIR2y
rxn00572_c	NTRARy
rxn00575_c	SUCR
rxn00577_c	GLCTR4r
rxn00579_c	UDPGFRUGT
rxn00584_c	BZDIOLDH
rxn00588_c	CATDOX
rxn00589_c	SALCACD
rxn00599_c	ALAS
rxn00601_c	AST
rxn00602_c	MMM2r
rxn00604_c	G6PDH2r
rxn00605_c	TRE6PS
rxn00606_c	TRE6PH
rxn00607_c	MALT6PH
rxn00608_c	BGLA1
rxn00609_c	MI1PI
rxn00611_c	G3PD1
rxn00612_c	G3PD2
rxn00613_c	GLYC3POR
rxn00614_c	G3PO
rxn00615_c	GLYK
rxn00616_c	G3PD8
rxn00620_c	CDPGLYCPGH
rxn00621_c	G3PCT
rxn00623_c	SULR
rxn00627_c	KHK
rxn00629_c	MANAD_D
rxn00634_c	SBTD_D2
rxn00638_c	ALGD
rxn00640_c	MAN1PT2
rxn00641_c	MAN1PT
rxn00642_c	GMAND
rxn00646_c	GLUCYS
rxn00649_c	CYSS
rxn00650_c	AMPTASECG
rxn00653_c	BAMPPALDOX
rxn00654_c	UPPN
rxn00656_c	APATr
rxn00657_c	AMAMTi
rxn00669_c	ACCOAL
rxn00670_c	PTA2
rxn00671_c	MMSAD1
rxn00672_c	MMCD
rxn00674_c	ACS2
rxn00675_c	r0220
rxn00676_c	MACCOAT
rxn00678_c	PYRCT
rxn00679_c	MCITS
rxn00686_c	DHFR
rxn00688_c	FTHFDH
rxn00689_c	FPGS_tm
rxn00690_c	FTHFL
rxn00691_c	FTHFD
rxn00692_c	GHMT2r
rxn00693_c	METSr
rxn00695_c	GLGC
rxn00702_c	G1PCT
rxn00703_c	G1PGTi
rxn00704_c	PGMT
rxn00705_c	G1PPT
rxn00707_c	CYTDK3
rxn00708_c	NTD2
rxn00709_c	URIK1
rxn00710_c	OMPDC
rxn00711_c	UPPRT
rxn00712_c	URIK4
rxn00713_c	URIK2
rxn00714_c	UP4GH
rxn00715_c	URIK3
rxn00717_c	CSND
rxn00719_c	r0236
rxn00720_c	DURAD
rxn00726_c	ANS2
rxn00727_c	ANS
rxn00737_c	THRD_L
rxn00740_c	SHSL4r
rxn00741_c	2HBO
rxn00742_c	CYSTGL
rxn00743_c	ALKP
rxn00744_c	DHAK
rxn00745_c	DHAPT
rxn00747_c	TPI
rxn00748_c	MGSA
rxn00751_c	CHOLK
rxn00755_c	PAPSCHOLST
rxn00756_c	CHOLSH
rxn00758_c	GPDDA1
rxn00762_c	GLYCDx
rxn00763_c	ALCD19
rxn00767_c	GLYCPT
rxn00768_c	GLYCDH
rxn00769_c	GLYH
rxn00770_c	PRPPS
rxn00772_c	RBK
rxn00774_c	R5PNH4L
rxn00775_c	ADPRDP
rxn00776_c	YUMPS
rxn00777_c	RPI
rxn00778_c	PPM
rxn00779_c	D_GLY3PR
rxn00780_c	TRIOK
rxn00781_c	GAPD
rxn00782_c	GAPD_NADP
rxn00783_c	DDPGALA
rxn00784_c	DRPAr
rxn00785_c	TKT2
rxn00786_c	FBA
rxn00787_c	TGBPA
rxn00789_c	ATPPRT
rxn00790_c	GLUPRT
rxn00791_c	ANPRT
rxn00792_c	BACCLi
rxn00795_c	BTND1
rxn00797_c	URIH
rxn00798_c	DRIBI
rxn00799_c	FUM
rxn00800_c	ADSL1r
rxn00802_c	ARGSL
rxn00804_c	LLEUDr
rxn00806_c	LEUTA
rxn00808_c	GALK
rxn00816_c	LACZ
rxn00817_c	GALS3
rxn00818_c	RAFGH
rxn00827_c	CMPSAS
rxn00829_c	DPMVDc
rxn00830_c	IPDDI
rxn00831_c	NTD11
rxn00832_c	IMPC
rxn00834_c	IMPD
rxn00835_c	INSK
rxn00836_c	HXPRT
rxn00837_c	GMPR
rxn00838_c	ADSS
rxn00839_c	NDPK8
rxn00840_c	r0280
rxn00847_c	PQQDH
rxn00849_c	ALATA_D
rxn00851_c	ALAALA
rxn00853_c	NCPTRCA
rxn00856_c	PTRCTA
rxn00858_c	AGMT
rxn00859_c	HISTD
rxn00863_c	HISTLOX
rxn00866_c	HISDC
rxn00867_c	HISD
rxn00868_c	ACOAD1
rxn00871_c	PBUTT
rxn00872_c	ACOAD1f
rxn00874_c	ACACT2r
rxn00875_c	BUTCTr
rxn00879_c	INS2D
rxn00880_c	INOSTO
rxn00881_c	MI1PP
rxn00882_c	MI4PP
rxn00883_c	MI3PP
rxn00891_c	ACGAMH
rxn00892_c	ACGAMK
rxn00895_c	ACOAGAMAT
rxn00897_c	ACGAM2E
rxn00898_c	DHAD1
rxn00902_c	3MOBS
rxn00903_c	VALTA
rxn00904_c	VPAMTr
rxn00905_c	2DHPL
rxn00907_c	MTHFD
rxn00908_c	GLYCL
rxn00910_c	METFR
rxn00912_c	MOHMT
rxn00913_c	NTD9
rxn00914_c	GSNK
rxn00915_c	GUAPRT
rxn00916_c	r0301
rxn00917_c	GMPS2
rxn00920_c	PDE4
rxn00921_c	4HBZCL
rxn00926_c	ADD
rxn00927_c	ADNUC
rxn00929_c	PRO1x
rxn00931_c	P5CRyr
rxn00932_c	PAOOX
rxn00933_c	PROLR
rxn00934_c	MALTK
rxn00935_c	MALFADO
rxn00938_c	NNAM
rxn00941_c	NMNS
rxn00943_c	FACOAE160
rxn00947_c	FACOAL160
rxn00949_c	HCYSHSL
rxn00950_c	CYSTL
rxn00952_c	AHSERL2
rxn00953_c	CYSTS
rxn00955_c	RHC
rxn00957_c	VNDH-2
rxn00958_c	4HBALDDH
rxn00961_c	4HBZORx
rxn00963_c	4HBZORy
rxn00966_c	CHRPL
rxn00973_c	ACONT
rxn00974_c	ACONTa
rxn00979_c	GCALDDr
rxn00980_c	PGLYCP
rxn00985_c	PPAKr
rxn00986_c	r0318
rxn00988_c	AACOAT
rxn00990_c	ACACCTr
rxn00991_c	HMGL
rxn00992_c	BDH
rxn00994_c	BCOAACT
rxn00999_c	PPOR
rxn01000_c	PPNDH
rxn01011_c	GLYD
rxn01013_c	GLYDy
rxn01014_c	GCALDL
rxn01015_c	HPYRI
rxn01018_c	ASPCT
rxn01019_c	OCBT
rxn01020_c	CBPCT
rxn01021_c	MTAN
rxn01022_c	MTAP
rxn01025_c	MCSNAH1r
rxn01027_c	r0330
rxn01028_c	DURAD2
rxn01029_c	AGMD
rxn01041_c	XNOX
rxn01044_c	XYLI1
rxn01045_c	L_VALMOD
rxn01049_c	CELLBK
rxn01053_c	LCADi
rxn01054_c	LACOAAOR
rxn01057_c	LacR
rxn01068_c	THRD
rxn01069_c	THRS
rxn01071_c	ETHAK
rxn01072_c	ETHAS
rxn01073_c	GPDDA2
rxn01080_c	GUI1
rxn01093_c	DHBS
rxn01094_c	DHBD
rxn01100_c	PGK
rxn01101_c	PGCDr
rxn01102_c	r0339
rxn01103_c	ACYP
rxn01106_c	PGM
rxn01107_c	G15LACH
rxn01108_c	GNOX
rxn01109_c	GNOXy
rxn01111_c	PRKIN
rxn01114_c	RBK_Dr
rxn01115_c	GND
rxn01116_c	RPE
rxn01117_c	A5PISO
rxn01121_c	GLCND
rxn01122_c	ALTRH
rxn01123_c	DDGLKr
rxn01127_c	r0345
rxn01128_c	URIK12
rxn01129_c	URIK7
rxn01132_c	MLTP4
rxn01133_c	MALTATr
rxn01134_c	MTI
rxn01137_c	ADA
rxn01138_c	PUNP1
rxn01143_c	TMDK1
rxn01145_c	NTD5
rxn01146_c	TMDPP
rxn01148_c	ARABDPT
rxn01151_c	KDOS
rxn01152_c	RBLIi
rxn01169_c	HEXb
rxn01171_c	GALM1r
rxn01174_c	3HPPD
rxn01176_c	D5KGPA
rxn01187_c	XU5PG3PL
rxn01188_c	DHSKDH
rxn01192_c	34DCCBR
rxn01199_c	XYLKr
rxn01200_c	TKT1
rxn01201_c	4HBNOX
rxn01203_c	DHEDAA
rxn01204_c	ABTAr
rxn01205_c	2ACAMSUCCAH
rxn01207_c	OIVD1r
rxn01208_c	OMCDC
rxn01210_c	FPGS7
rxn01211_c	MTHFC
rxn01213_c	DMATT
rxn01215_c	G16BPS
rxn01216_c	DPGM
rxn01217_c	DCMPDA
rxn01218_c	NTD3
rxn01219_c	CYTK2
rxn01220_c	r0377
rxn01222_c	NTPP3
rxn01225_c	GUAD
rxn01226_c	GNNUC
rxn01231_c	LCYSTCBOXL
rxn01236_c	BUTKr
rxn01241_c	PDHc
rxn01252_c	r0389
rxn01255_c	CHORS
rxn01256_c	CHORM
rxn01257_c	ADCS
rxn01258_c	ICHORS
rxn01259_c	ISOMALT
rxn01265_c	NAPRT
rxn01268_c	PPND
rxn01269_c	PPND2
rxn01270_c	LARGNAT
rxn01273_c	LCADi_D
rxn01274_c	GLYOX
rxn01275_c	GNK
rxn01277_c	GLCNOXy
rxn01278_c	5DGLCNR
rxn01279_c	AC2DHOR
rxn01280_c	TRSARr
rxn01281_c	TRSARry
rxn01285_c	TARCGLYL
rxn01286_c	r0392
rxn01289_c	ANOX
rxn01291_c	ABTOXy
rxn01292_c	ARAI
rxn01297_c	HXAND
rxn01299_c	INSH
rxn01300_c	HSK
rxn01301_c	HSDx
rxn01302_c	HSDy
rxn01303_c	HSERTA
rxn01304_c	HSST
rxn01305_c	LCAR2
rxn01308_c	RMPA2
rxn01313_c	DHPR
rxn01314_c	r0398
rxn01315_c	PHE4MO
rxn01316_c	ACNAMS
rxn01322_c	ACNML
rxn01329_c	PMANM
rxn01331_c	E4PD
rxn01332_c	DDPA
rxn01333_c	TALA
rxn01334_c	FBA3
rxn01343_c	PFK_3
rxn01345_c	S17BPH
rxn01346_c	S7P1K
rxn01347_c	US7P1PT
rxn01351_c	NTPP1
rxn01352_c	NTPTP1
rxn01353_c	NDPK5
rxn01354_c	r0413
rxn01355_c	PPCOAC
rxn01358_c	PUNP5
rxn01360_c	DHORDi
rxn01361_c	DHORD6
rxn01362_c	OROTPT
rxn01364_c	QUIDH
rxn01366_c	PYNP2r
rxn01368_c	CYTD
rxn01370_c	URIK8
rxn01383_c	RBTDG
rxn01385_c	XYLTD_Dr
rxn01387_c	r0422
rxn01388_c	ACONTb
rxn01389_c	XYLK2
rxn01390_c	RMK2
rxn01396_c	PYDXNK
rxn01403_c	GSPMDS
rxn01404_c	GSPMDA
rxn01406_c	SPMS
rxn01416_c	THSFST
rxn01420_c	OXAG
rxn01423_c	AATAi
rxn01434_c	ARGSSr
rxn01437_c	FKYNH
rxn01438_c	KYN3OX
rxn01439_c	HEX10
rxn01444_c	r0456
rxn01445_c	NTD8
rxn01446_c	PUNP4
rxn01450_c	INDPYRD
rxn01451_c	HACD1
rxn01452_c	PHPB2
rxn01453_c	3HBCOAOX
rxn01454_c	HMGCOAS
rxn01457_c	GUI2
rxn01459_c	ABUTR
rxn01465_c	DHORTS
rxn01466_c	GRTT
rxn01476_c	PGL
rxn01477_c	EDD
rxn01479_c	PETHCT
rxn01480_c	HIBD
rxn01483_c	ACGAM6PSi
rxn01484_c	AGDC
rxn01485_c	PGAMT
rxn01486_c	FRTT
rxn01489_c	GGT
rxn01492_c	FRUK
rxn01499_c	3HLYTCL
rxn01500_c	HMGCOARxi
rxn01501_c	r0488
rxn01504_c	MGCOAH
rxn01505_c	ACGAMPM
rxn01506_c	AMANAPEr
rxn01507_c	NTD6
rxn01508_c	DADNK
rxn01509_c	DGK1
rxn01510_c	URIK13
rxn01512_c	NDPK4
rxn01513_c	DTMPK
rxn01515_c	URIK14
rxn01516_c	URIK9
rxn01517_c	URIDK3
rxn01518_c	DURIK1
rxn01519_c	DUTPDP
rxn01520_c	TMDS
rxn01521_c	NTD1
rxn01522_c	r0502
rxn01523_c	URAOX
rxn01524_c	r0504
rxn01529_c	RADH
rxn01530_c	RDH1
rxn01537_c	TMN
rxn01538_c	TMKr
rxn01541_c	CYTDH
rxn01544_c	XPPTr
rxn01545_c	XTSNH
rxn01547_c	r1384
rxn01548_c	PUNP3
rxn01560_c	MNLP
rxn01573_c	L_ILE3MR
rxn01574_c	ILEDA
rxn01575_c	ILETA
rxn01577_c	VAL3MOPTA
rxn01578_c	1PPDCRx
rxn01579_c	1PPDCRy
rxn01580_c	LPCOX
rxn01581_c	LPCDH
rxn01586_c	HSD3B11
rxn01602_c	DHFOR2
rxn01603_c	DHFS
rxn01607_c	MEVK1c
rxn01615_c	LCARS
rxn01618_c	LALDO3
rxn01620_c	FCLPA
rxn01621_c	RMPA
rxn01626_c	DHPM1
rxn01629_c	G1SAT
rxn01630_c	APENTAMAH
rxn01631_c	APTNAT
rxn01633_c	2DDPENTHL
rxn01634_c	D4DGCD
rxn01635_c	1P4H2CBXLAH
rxn01636_c	ORNTAC
rxn01637_c	ACOTA
rxn01639_c	FGLU
rxn01640_c	NFLGLNH
rxn01641_c	GLUFORT
rxn01642_c	IZPN
rxn01643_c	ASAD
rxn01644_c	DHDPS
rxn01646_c	PNP
rxn01647_c	NP1_r
rxn01648_c	PYNP1r
rxn01649_c	PUNP7
rxn01652_c	FOMETR
rxn01653_c	FTHFCL
rxn01654_c	FORTHFC
rxn01662_c	SACCRPOR
rxn01664_c	AADSACYCL
rxn01669_c	r0527
rxn01670_c	NTD5_a
rxn01671_c	NMNPH
rxn01672_c	DCTPD
rxn01673_c	NDPK7
rxn01674_c	URIK5
rxn01675_c	G1PTT
rxn01678_c	NDPK6
rxn01679_c	URIK6
rxn01682_c	TRPS3r
rxn01685_c	ACTD
rxn01705_c	URIK10
rxn01706_c	URIK11
rxn01709_c	12PPDSDH
rxn01715_c	TYROXDAc
rxn01717_c	RE2124C
rxn01729_c	OXPTNDH
rxn01737_c	RAFH
rxn01739_c	SHKK
rxn01740_c	SHK3Dr
rxn01746_c	ALLTAH
rxn01747_c	ALLTAMH2
rxn01748_c	ALLTN
rxn01750_c	CDPGHL
rxn01751_c	XYLLACH
rxn01753_c	XYLTH
rxn01761_c	RMI
rxn01763_c	RBK_L1
rxn01775_c	MANAO
rxn01790_c	DPRr
rxn01791_c	PANTS
rxn01799_c	DURIPP
rxn01800_c	DCYTD
rxn01802_c	GLUTCOADH2
rxn01806_c	NHFRBOr
rxn01807_c	PYDAMK
rxn01816_c	SHSL1r
rxn01819_c	DMLARGAH
rxn01825_c	HGNTOR
rxn01827_c	34HPPOR
rxn01828_c	ARABTH
rxn01830_c	AB14LACH
rxn01833_c	AACTOOR
rxn01834_c	LGTHL
rxn01840_c	r0545
rxn01842_c	PACCOAL
rxn01843_c	AMID2
rxn01847_c	TARTRDH2
rxn01851_c	ABUTD
rxn01857_c	TAGURr
rxn01858_c	DADA
rxn01859_c	PUNP2
rxn01867_c	BETALDHx
rxn01868_c	BETALDHy
rxn01870_c	FBA2
rxn01871_c	PDHbr
rxn01872_c	r0556c
rxn01879_c	LCARRy
rxn01893_c	OP4ENH
rxn01895_c	HKNDDH
rxn01903_c	PEAMNO
rxn01911_c	DOGULNR
rxn01912_c	3DGUR
rxn01917_c	ACGK
rxn01923_c	ACOADH2
rxn01924_c	IBCOAMPO
rxn01925_c	DHLCOALT
rxn01927_c	3HAO
rxn01930_c	HKYNH
rxn01945_c	4HP34DHPD
rxn01948_c	5HLTDL
rxn01951_c	AMANK
rxn01953_c	UACMAMH
rxn01961_c	NTD10
rxn01962_c	NTPP11
rxn01964_c	TRPS1
rxn01966_c	TREGLUDR2
rxn01967_c	PGMT2
rxn01971_c	PFK26
rxn01972_c	DAPDA
rxn01973_c	SDPDS
rxn01974_c	DAPE
rxn01975_c	G6PBDH
rxn01977_c	G6PI
rxn01985_c	PUNP6
rxn01986_c	r0570
rxn01987_c	DRBK
rxn01989_c	GLCRD
rxn01990_c	GLCRAL
rxn01991_c	DAPMDH
rxn01995_c	MMCOAH
rxn01996_c	MME
rxn01997_c	TDPGDH
rxn01999_c	TDPAGTA
rxn02000_c	TDPDRE
rxn02003_c	TDPDRRr
rxn02004_c	TRE6PP
rxn02005_c	TREpts
rxn02007_c	2INSD
rxn02008_c	UAMAGS
rxn02011_c	UAAGDS
rxn02028_c	BHMT
rxn02029_c	5APTLPO
rxn02046_c	PSP_D
rxn02056_c	SHCHF
rxn02061_c	SPRMS
rxn02063_c	SQLE
rxn02071_c	D_PROHOX
rxn02085_c	URCN
rxn02102_c	URDGLYCD
rxn02103_c	URDGLYCR
rxn02104_c	OXAMTC
rxn02112_c	BTDD_RR
rxn02113_c	ACLDC
rxn02122_c	GLACO
rxn02128_c	r0578
rxn02130_c	PNTEH
rxn02144_c	OXOAEL
rxn02155_c	NNATr
rxn02159_c	HISTDOX
rxn02160_c	HISTP
rxn02161_c	RMK
rxn02166_c	4NTPPH2
rxn02167_c	ECOAH1
rxn02168_c	ECOAH1R
rxn02170_c	3ABUTCOAL
rxn02171_c	3BTCOAI
rxn02173_c	GALCTND
rxn02175_c	PTPAT
rxn02177_c	ICHORT
rxn02185_c	ACLS_b
rxn02186_c	KARA1
rxn02187_c	ALACI
rxn02190_c	DHPM2
rxn02200_c	DHPS
rxn02201_c	FOLD3
rxn02209_c	LCARR
rxn02212_c	DHQS
rxn02213_c	DHQTi
rxn02222_c	INHINDH
rxn02224_c	L2AADIPADOR2
rxn02226_c	r0594
rxn02227_c	L2AADIPADOR
rxn02228_c	MCLOR
rxn02230_c	MCPST
rxn02235_c	13PPDHr
rxn02250_c	13DAMPPOX
rxn02261_c	3HPCOAHYD
rxn02262_c	FK
rxn02263_c	FCI
rxn02264_c	UPP3S
rxn02267_c	2MB2COAR
rxn02268_c	ACOAD20
rxn02269_c	OIVD3
rxn02270_c	2MECOAOX
rxn02275_c	AMID
rxn02277_c	DBTS
rxn02279_c	GULLACOX
rxn02284_c	UAPGRx
rxn02285_c	UAPGR
rxn02286_c	UAMAS
rxn02287_c	UPP3MT
rxn02288_c	UPPDC1
rxn02290_c	SSQEPXS
rxn02296_c	CHCOAL
rxn02297_c	AOXSr
rxn02302_c	METB1
rxn02303_c	CPPPGO
rxn02304_c	PPPH
rxn02305_c	TMPPP
rxn02312_c	AMAOTr
rxn02313_c	SRBL1PR
rxn02314_c	PFK_2
rxn02318_c	GAL6PI
rxn02319_c	FCLK
rxn02320_c	HSTPTr
rxn02321_c	RB5PE
rxn02322_c	PMEVKc
rxn02331_c	KDOPSr
rxn02332_c	6PGALSZ2i
rxn02339_c	EHGLAT
rxn02341_c	PPCDC
rxn02342_c	LPAMS
rxn02344_c	36DAHXI
rxn02345_c	3HBCOAE
rxn02346_c	2DH3DGLCA
rxn02356_c	HPROxr
rxn02358_c	HPROyr
rxn02359_c	PROD3
rxn02360_c	4HPROI
rxn02363_c	3HPHACOX
rxn02366_c	DHPDO
rxn02369_c	PCAB
rxn02373_c	G5SDr
rxn02374_c	G5SADs
rxn02376_c	3CARLPDH
rxn02377_c	UACMAMO
rxn02380_c	G6PI3
rxn02385_c	HSD3B13
rxn02400_c	NT5C
rxn02401_c	NICRNS
rxn02402_c	NNDPR
rxn02404_c	KDOPP
rxn02405_c	KDOCT2
rxn02416_c	MELTOX
rxn02424_c	MMTSAD
rxn02429_c	DDGALK
rxn02431_c	5FMFURT
rxn02444_c	STS1
rxn02449_c	GTPDPDP
rxn02465_c	AGPR
rxn02466_c	MCITD2
rxn02473_c	IGPDH
rxn02474_c	APRAUR
rxn02475_c	DHPPDA
rxn02476_c	PSCVT
rxn02480_c	MTTH4MPTH
rxn02483_c	CMLDC
rxn02484_c	HMPK1
rxn02503_c	HPPK
rxn02504_c	DHNPA
rxn02507_c	IGPS
rxn02508_c	PRAI
rxn02518_c	NTPP10
rxn02521_c	23PDE7
rxn02522_c	23PDE2
rxn02527_c	ALCD4
rxn02569_c	SELNPS
rxn02596_c	STYSGH
rxn02610_c	DCT
rxn02632_c	SBTDOX
rxn02666_c	AOBUTDs
rxn02667_c	APPLOX
rxn02680_c	ACACT4r
rxn02716_c	CHLOROPHAOR1
rxn02733_c	MPML
rxn02760_c	FFSD
rxn02761_c	ALLTNR
rxn02762_c	23PDE4
rxn02768_c	2HYDOGCOAD
rxn02774_c	SHCHD2
rxn02775_c	PC20M
rxn02782_c	MUCCYCI
rxn02788_c	2HMCOXT
rxn02789_c	IPPMIa
rxn02791_c	5GLUP5T1
rxn02792_c	5GLUP5T2
rxn02798_c	STS2
rxn02804_c	ACACT7r
rxn02811_c	IPPMIb
rxn02828_c	NMPTRCOX
rxn02831_c	SUCBZL
rxn02832_c	SUCBZS
rxn02834_c	PRATPP
rxn02835_c	PRAMPC
rxn02853_c	IMACTD
rxn02866_c	ACOAD8
rxn02875_c	AMAA
rxn02883_c	OHEDH
rxn02885_c	HHDDI
rxn02889_c	MCCCr
rxn02894_c	MTRK
rxn02895_c	PRAGS
rxn02897_c	NNDMBRT
rxn02898_c	NPHS
rxn02900_c	AEPPT
rxn02911_c	ECOAH5
rxn02914_c	PSERT
rxn02916_c	AOXHEXCYCL
rxn02925_c	L_ALAOPAT
rxn02927_c	SADH
rxn02929_c	DHDPRy
rxn02933_c	HACD9
rxn02934_c	ECOAH9
rxn02937_c	PRAIS
rxn02938_c	5AIZCDC
rxn02939_c	PERD
rxn02944_c	SOTA
rxn02945_c	PPHTDT
rxn02946_c	4HPROOX
rxn02949_c	ECOAH12
rxn02959_c	MPPP9MT
rxn02962_c	ETHAP
rxn02971_c	25K5O2AI
rxn02986_c	PTHPS
rxn02988_c	QULNS
rxn02989_c	QUILSYN
rxn02993_c	42A12BOOX
rxn03004_c	GARFTi
rxn03012_c	L2A6ODs
rxn03020_c	MH4MPTMT
rxn03030_c	APAT
rxn03031_c	THDPS
rxn03034_c	HACNH
rxn03038_c	HPPPNDO
rxn03040_c	5CM2HMUDI
rxn03041_c	5C2O3EDDC
rxn03047_c	r0679
rxn03052_c	MTHPTGHM
rxn03055_c	4C2HM6SADH
rxn03057_c	MTRI
rxn03060_c	MCITD
rxn03061_c	MICITDr
rxn03062_c	IPMDr
rxn03068_c	KARA3
rxn03075_c	HETZK
rxn03079_c	MCOX
rxn03080_c	RBFSa
rxn03084_c	PRFGS
rxn03085_c	MCOX2
rxn03086_c	ACEDIPIT
rxn03087_c	SDPTA
rxn03108_c	PMPK
rxn03126_c	COBCOMOX
rxn03127_c	MCOMR
rxn03130_c	USHD
rxn03135_c	IG3PS
rxn03136_c	ADSL2r
rxn03137_c	AICART
rxn03146_c	UHGADA
rxn03147_c	PRASCSi
rxn03150_c	RZ5PP
rxn03159_c	LPADSS
rxn03164_c	UGMDDS
rxn03167_c	AKP1
rxn03168_c	DNMPPA
rxn03173_c	DNTPPA
rxn03174_c	r0708
rxn03175_c	PRMICI
rxn03181_c	TDSK
rxn03182_c	MOAT
rxn03188_c	BUP2
rxn03194_c	ACHBPL
rxn03236_c	THBPT4ACAMDASE
rxn03239_c	HACD7
rxn03240_c	ECOAH7
rxn03241_c	ECOAH6
rxn03242_c	HACD5
rxn03243_c	ACACT5r
rxn03244_c	HACD4
rxn03245_c	ECOAH4
rxn03246_c	HACD3
rxn03247_c	ECOAH3
rxn03248_c	ACACT3r
rxn03249_c	HACD2
rxn03250_c	ECOAH2
rxn03282_c	r0739
rxn03291_c	AKR1D
rxn03324_c	HICITD
rxn03333_c	34DHOXPEGOX
rxn03360_c	5HXKYNDCL
rxn03372_c	ADSELK
rxn03378_c	SEAHCYSHYD
rxn03380_c	SELCYSTS
rxn03384_c	UPPDC2b
rxn03393_c	OPHBDC
rxn03394_c	NOPHMO
rxn03395_c	OHPHM
rxn03397_c	URFGTT
rxn03406_c	GLNSP1
rxn03407_c	GLNSP2
rxn03408_c	UAGPT3
rxn03409_c	GLNSP3
rxn03419_c	r0775
rxn03421_c	r0777
rxn03422_c	SGSAD
rxn03433_c	3HBCOAHL
rxn03435_c	23DHMPO
rxn03436_c	2AHBUTI
rxn03437_c	DHAD2
rxn03439_c	CDOSKT
rxn03445_c	OHPBAT
rxn03446_c	4HTHRS
rxn03467_c	NEU23
rxn03481_c	AB6PGH2
rxn03482_c	6PHBG2
rxn03483_c	23PDE9
rxn03491_c	PC6YM
rxn03492_c	PC6AR
rxn03511_c	AGMHE
rxn03512_c	PC8XM
rxn03513_c	PC17M
rxn03514_c	PC11M
rxn03532_c	P3Bs
rxn03534_c	R05219
rxn03535_c	CYRDAAT
rxn03536_c	ADOCBIK
rxn03537_c	ACBIPGT
rxn03538_c	ADOCBLS
rxn03540_c	ADCYRS
rxn03541_c	ADCOBASr
rxn03628_c	FICYTCOX
rxn03630_c	TAUDO
rxn03638_c	G1PACT
rxn03641_c	ACCOAT
rxn03642_c	3HBCD
rxn03643_c	AB6P3HXLL
rxn03644_c	6P3HXI
rxn03838_c	MANA4
rxn03839_c	AMID5
rxn03841_c	ADCL
rxn03842_c	URDGLYAH
rxn03843_c	FT
rxn03852_c	UACMAMAT
rxn03856_c	GLTPD
rxn03869_c	BZAMAH
rxn03883_c	ABTDG
rxn03884_c	EDA_R
rxn03885_c	MNNH
rxn03886_c	SBTPD
rxn03887_c	GALCTD
rxn03891_c	HEXTT
rxn03892_c	PPTT
rxn03893_c	HBZOPT
rxn03897_c	BZ12DOX
rxn03898_c	BZ12DOXy
rxn03901_c	UDCPDP
rxn03903_c	PAPPT2
rxn03904_c	PAPPT3
rxn03906_c	1H2NPTH
rxn03907_c	MEPCT
rxn03908_c	CDPMEK
rxn03909_c	DXPS
rxn03910_c	MECDPS
rxn03916_c	GMHEPAT
rxn03917_c	S7PIr
rxn03918_c	GMHEPK
rxn03919_c	GMHEPPA
rxn03931_c	DKDID
rxn03932_c	D5KGK
rxn03933_c	UAGPT2
rxn03951_c	PHTHRDH
rxn03953_c	IDOND
rxn03954_c	IDOND2
rxn03958_c	DXPRIr
rxn03962_c	GFUCS
rxn03974_c	FMNRx
rxn03975_c	FMNRx2
rxn03978_c	NTRIR5
rxn03983_c	AMPSO3OX2
rxn03990_c	NODOx
rxn03991_c	NODOy
rxn04016_c	ACONMT
rxn04020_c	TRE6PPGT
rxn04045_c	SHCHCC2
rxn04046_c	CPC2MT
rxn04047_c	CPC3MT
rxn04048_c	CPC4MT
rxn04049_c	CPC5MT
rxn04050_c	CPC6R
rxn04051_c	PC6YM
rxn04052_c	CPC8MM
rxn04070_c	PDX5PSYN
rxn04082_c	RBP4E
rxn04113_c	IPDPS2
rxn04132_c	RE3351C
rxn04133_c	RE3352C
rxn04139_c	2OMMBOX
rxn04140_c	MAOX
rxn04143_c	TARTRDH
rxn04147_c	FRDPS
rxn04152_c	MPPP9MMEOR
rxn04153_c	MPPP9MMEOR2
rxn04154_c	MPPP9MMEOR3
rxn04159_c	CHLPHYLLIDEOR
rxn04160_c	PROTOCHLOROR
rxn04161_c	CHLOROPHCPT
rxn04308_c	IPDPUPT
rxn04384_c	ADCPS2
rxn04385_c	THRPD
rxn04386_c	LTHRK
rxn04413_c	ADOCBIK2
rxn04454_c	SALCS2
rxn04456_c	ALLTNS
rxn04457_c	ALLTNRS
rxn04464_c	TMDSf2
rxn04597_c	PPPNDO
rxn04598_c	CINNDO
rxn04599_c	DHPPD
rxn04600_c	DHCIND
rxn04601_c	3HPPPNH
rxn04602_c	3HCINNMH
rxn04603_c	DHCINDO
rxn04604_c	HKNTDH
rxn04656_c	L2AADPI
rxn04657_c	ACCOALYS1
rxn04658_c	ACCOALYS2
rxn04659_c	ACCOALYS3
rxn04660_c	ACLYSHYc
rxn04673_c	DHNAOPT
rxn04674_c	PHYQS
rxn04675_c	2S6HCC
rxn04704_c	CPPPGO2
rxn04705_c	CHLPHYLLIDEOR2
rxn04706_c	2HH24DDH1
rxn04712_c	NP2MSUCCS
rxn04713_c	SNCOAT
rxn04724_c	SNOOX
rxn04745_c	HSNOOX
rxn04748_c	MCREAOOX
rxn04750_c	HADPCOADH3
rxn04782_c	MSAS
rxn04783_c	GART
rxn04792_c	FALDH2
rxn04794_c	OBTFL
rxn04928_c	KG6PDC
rxn04930_c	3KGK
rxn04938_c	SHMGTyOX
rxn04954_c	r0792
rxn04957_c	NOX1
rxn04958_c	H2O2syn
rxn04989_c	PHETHPTOX2
rxn04996_c	DMPPS2r
rxn05005_c	UPP3MT3
rxn05006_c	P1CM
rxn05010_c	SARCSMT
rxn05011_c	DMGLYMT
rxn05012_c	ACOCT
rxn05024_c	NPTS
rxn05028_c	OCTT
rxn05029_c	CBIAT
rxn05030_c	UDPDPS
rxn05031_c	PPHTDK
rxn05039_c	PMDPHT
rxn05040_c	DB4PS
rxn05049_c	RE1834C
rxn05054_c	ADCPS1
rxn05059_c	DCTPAH
rxn05063_c	CBMTHL
rxn05064_c	CBMTHL2
rxn05092_c	DKMPPD2
rxn05104_c	MDRPD
rxn05105_c	HKMPPI
rxn05106_c	DKMPPD3
rxn05108_c	UNK3
rxn05116_c	AMOPBHL
rxn05117_c	L_ASPR
rxn05119_c	ASPO2
rxn05126_c	GGGABARr
rxn05127_c	GGGABADr
rxn05144_c	PLPS
rxn05145_c	PIabc
rxn05146_c	GLUabc
rxn05147_c	GLCabc
rxn05148_c	HEMEti
rxn05149_c	MNabc
rxn05150_c	ZNabc
rxn05151_c	LYSabc
rxn05152_c	ASPabc
rxn05153_c	SULabc
rxn05154_c	ARGabc
rxn05155_c	GLNabc
rxn05156_c	ORNabc
rxn05158_c	GLYC3Pabc
rxn05159_c	CHLabc
rxn05160_c	RIBabc
rxn05161_c	LEUabc
rxn05162_c	GALabc
rxn05163_c	PTRCabc
rxn05164_c	HISabc
rxn05165_c	PROabc
rxn05166_c	Coabc
rxn05167_c	XYLabc
rxn05168_c	VALabc
rxn05170_c	MALTabc
rxn05171_c	NO3abc
rxn05172_c	TAURabc
rxn05173_c	ARBabc
rxn05174_c	NIabc
rxn05175_c	SPMDabc
rxn05176_c	TSULabc
rxn05177_c	THMabc
rxn05179_c	ILEabc
rxn05180_c	CRNabc
rxn05181_c	GLYBabc
rxn05183_c	METDabc
rxn05184_c	CHOLabc
rxn05187_c	ADOCBLabc
rxn05188_c	FECRMabc
rxn05189_c	FEDCabc
rxn05192_c	CTBTabc
rxn05193_c	GBBTNabc
rxn05195_c	FE3abc
rxn05197_c	URAt2r
rxn05198_c	CYTDt2r
rxn05199_c	URIt2r
rxn05200_c	THMDt2r
rxn05201_c	HYXNt
rxn05202_c	XANt2r
rxn05204_c	GSNt2r
rxn05205_c	DCYTt2r
rxn05206_c	Kt1r
rxn05207_c	MALNAt
rxn05208_c	MALLACDt
rxn05209_c	NAt3_1
rxn05211_c	r1088
rxn05212_c	CU2t
rxn05213_c	CITCAt
rxn05214_c	CITt10
rxn05215_c	ALAt4r
rxn05216_c	GLNt4
rxn05217_c	ASPt2r
rxn05219_c	METabc
rxn05220_c	r2532
rxn05221_c	PROt4r
rxn05222_c	TRPt
rxn05223_c	BTNabc
rxn05225_c	D_GLUMANt
rxn05226_c	GLCpts
rxn05229_c	AIRC4
rxn05231_c	RNDR1
rxn05232_c	RNTR1
rxn05233_c	RNDR2
rxn05234_c	RNTR2
rxn05235_c	RNTR3
rxn05236_c	RNTR4
rxn05237_c	CYSabc
rxn05239_c	RE3009C
rxn05243_c	LEUt2r
rxn05244_c	ILEt2r
rxn05245_c	VALtec
rxn05247_c	FACOALI14
rxn05248_c	FACOALAI15
rxn05249_c	FACOALI15
rxn05250_c	FACOALI16
rxn05251_c	FACOALAI17
rxn05252_c	FACOALI17
rxn05255_c	FOLt
rxn05256_c	PAAMOR
rxn05266_c	AMMQT72
rxn05267_c	DHNAOT7
rxn05287_c	GGTT
rxn05289_c	TRDRr
rxn05291_c	KAS8
rxn05292_c	FE3t4
rxn05293_c	MECDPDH2
rxn05297_c	GLUt2r
rxn05298_c	GLUt4r
rxn05299_c	HISt2r
rxn05300_c	THRt2r
rxn05301_c	TYRt2r
rxn05303_c	ARGt2
rxn05305_c	LYSt3r
rxn05306_c	PHEt2r
rxn05307_c	SERt2r
rxn05308_c	PNTOt2
rxn05310_c	NACUP
rxn05312_c	PIt6b
rxn05313_c	PIt7
rxn05315_c	ZN2t4
rxn05316_c	INSt2
rxn05317_c	DADNt2r
rxn05318_c	ADNCNT3tc
rxn05319_c	H2Ot
rxn05322_c	EAR40xr
rxn05323_c	EAR140x
rxn05324_c	EAR120x
rxn05325_c	EAR80x
rxn05326_c	EAR60x
rxn05327_c	EAR100x
rxn05328_c	EAR160x
rxn05329_c	3HAD40
rxn05330_c	3HAD60
rxn05331_c	3HAD120
rxn05332_c	3HAD160
rxn05333_c	3HAD100
rxn05334_c	3HAD80
rxn05335_c	3HAD140
rxn05336_c	3OAR160
rxn05337_c	3OAR60
rxn05338_c	3OAR100
rxn05339_c	3OAR40
rxn05340_c	3OAR120
rxn05341_c	3OAR80
rxn05342_c	3OAR140
rxn05343_c	3OAS100
rxn05344_c	3OAS160
rxn05345_c	3OAS140
rxn05346_c	3OAS60
rxn05347_c	KAS14
rxn05348_c	3OAS120
rxn05349_c	ACOATA
rxn05350_c	3OAS80
rxn05351_c	EAR140y
rxn05352_c	EAR80y
rxn05353_c	EAR40y
rxn05354_c	EAR160y
rxn05355_c	EAR120y
rxn05356_c	EAR100y
rxn05357_c	EAR60y
rxn05358_c	2MBCOATA
rxn05359_c	3OAS4M3O6
rxn05360_c	3OAR4M6
rxn05361_c	3HAD4M6
rxn05362_c	EAR4M6
rxn05363_c	3OAS4M6
rxn05364_c	3OAR6M8
rxn05365_c	3HAD6M8
rxn05366_c	EAR6M8
rxn05367_c	3OAS6M8
rxn05368_c	3OAR8M10
rxn05369_c	3HAD8M10
rxn05370_c	EAR8M10
rxn05371_c	3OAS8M10
rxn05372_c	3OAR10M12
rxn05373_c	3HAD10M12
rxn05374_c	EAR10M12
rxn05375_c	3OAS10M12
rxn05376_c	3OAR12M14
rxn05377_c	3HAD12M14
rxn05378_c	EAR12M14
rxn05379_c	3OAS12M14
rxn05380_c	3OAR14M16
rxn05381_c	3HAD14M16
rxn05382_c	EAR14M16
rxn05383_c	IVCOATA
rxn05384_c	3OAS3M4
rxn05385_c	3OAR5M6
rxn05386_c	3HAD5M6
rxn05387_c	EAR5M6
rxn05388_c	3OAS5M6
rxn05389_c	3OAR7M8
rxn05390_c	3HAD7M8
rxn05391_c	EAR7M8
rxn05392_c	3OAS7M8
rxn05393_c	3OAR9M10
rxn05394_c	3HAD9M10
rxn05395_c	EAR9M10
rxn05396_c	3OAS9M10
rxn05397_c	3OAR11M12
rxn05398_c	3HAD11M12
rxn05399_c	EAR11M12
rxn05400_c	3OAS11M12
rxn05401_c	3OAR13M14
rxn05402_c	3HAD13M14
rxn05403_c	EAR13M14
rxn05404_c	3OAS13M14
rxn05405_c	3OAR15M16
rxn05406_c	3HAD15M16
rxn05407_c	EAR15M16
rxn05408_c	IBCOATA
rxn05409_c	3OAS2M3
rxn05410_c	3OAR4M5
rxn05411_c	3HAD4M5
rxn05412_c	EAR4M5
rxn05413_c	3OAS4M5
rxn05414_c	3OAR6M7
rxn05415_c	3HAD6M7
rxn05416_c	EAR6M7
rxn05417_c	3OAS6M7
rxn05418_c	3OAR8M9
rxn05419_c	3HAD8M9
rxn05420_c	EAR8M9
rxn05421_c	3OAS8M9
rxn05422_c	3OAR10M11
rxn05423_c	3HAD10M11
rxn05424_c	EAR10M11
rxn05425_c	3OAS10M11
rxn05426_c	3OAR12M13
rxn05427_c	3HAD12M13
rxn05428_c	EAR12M13
rxn05429_c	3OAS12M13
rxn05430_c	3OAR14M15
rxn05431_c	3HAD14M15
rxn05432_c	EAR14M15
rxn05433_c	EAR4M6x
rxn05434_c	EAR6M8x
rxn05435_c	EAR8M10x
rxn05436_c	EAR10M12x
rxn05437_c	EAR12M14x
rxn05438_c	EAR14M16x
rxn05439_c	EAR5M6x
rxn05440_c	EAR7M8x
rxn05441_c	EAR9M10x
rxn05442_c	EAR11M12x
rxn05443_c	EAR13M14x
rxn05444_c	EAR15M16x
rxn05445_c	EAR4M5x
rxn05446_c	EAR6M7x
rxn05447_c	EAR8M9x
rxn05448_c	EAR10M11x
rxn05449_c	EAR12M13x
rxn05450_c	EAR14M15x
rxn05451_c	AIPDCOATA
rxn05452_c	AIHPDCOATA
rxn05453_c	IPDCOATA
rxn05454_c	IHPDCOATA
rxn05455_c	ITDCOATA
rxn05456_c	IHDCOATA
rxn05457_c	TDCOATA
rxn05458_c	PMTCOATA
rxn05459_c	STCOATA
rxn05460_c	3OAS180
rxn05461_c	3OAR180
rxn05462_c	3HAD180
rxn05463_c	EAR180y
rxn05464_c	EAR180x
rxn05465_c	MCOATA
rxn05466_c	NH4tb
rxn05467_c	CO2t
rxn05468_c	O2t
rxn05470_c	GLYCLTt2r
rxn05471_c	GMPt2r
rxn05482_c	6PGCt2r
rxn05484_c	ACACt2
rxn05485_c	ACGApts
rxn05486_c	ACMANAtr
rxn05487_c	ACNAMt2r
rxn05488_c	ACt2r
rxn05493_c	AKGt2r
rxn05494_c	DALAt2r
rxn05495_c	BALAt2r
rxn05496_c	ALAt2r
rxn05497_c	AMPt2r
rxn05499_c	ARABt
rxn05500_c	ARBt2r
rxn05501_c	ARBTpts
rxn05502_c	ARGPt2r
rxn05504_c	ARSENBabc
rxn05505_c	ARSENBt2
rxn05506_c	ASO4t
rxn05507_c	ASO3t
rxn05508_c	ASNt2r
rxn05512_c	BUTSO3abc
rxn05513_c	CA2abc
rxn05514_c	CAt4i
rxn05515_c	CBL2abc
rxn05516_c	CD2abc1
rxn05517_c	CD2t6r
rxn05518_c	CELBpts
rxn05519_c	CHORt
rxn05520_c	CITt11
rxn05522_c	CITt13
rxn05523_c	CITt15
rxn05525_c	CMPt2
rxn05526_c	CRO4t3
rxn05527_c	CSNt6
rxn05528_c	Cut1
rxn05529_c	CGLYt
rxn05531_c	DEXTRINt2
rxn05533_c	ALAASPabc
rxn05534_c	GLYGLUabc
rxn05535_c	GLYMETabc
rxn05536_c	METALAabc
rxn05537_c	GLYASPabc
rxn05538_c	GLYPROabc
rxn05539_c	CGLYabc
rxn05540_c	ALAGLNabc
rxn05541_c	ALAGLUabc
rxn05542_c	ALAGLYabc
rxn05543_c	ALAHISabc
rxn05544_c	ALALEUabc
rxn05545_c	ALATHRabc
rxn05546_c	GLYASNabc
rxn05547_c	GLYGLNabc
rxn05549_c	DRIBabc
rxn05551_c	ETHAt2
rxn05552_c	ETHSO3abc
rxn05554_c	F6Pt6_2
rxn05555_c	FE2abc
rxn05557_c	FEDCabc
rxn05559_c	FORt2r
rxn05560_c	FRUpts
rxn05561_c	FUMt2r
rxn05562_c	G1Pt6_2
rxn05563_c	G6Pt6_2
rxn05564_c	ABUTt2r
rxn05565_c	GALACt
rxn05566_c	GALt2_2
rxn05567_c	GALTpts
rxn05568_c	GAM6Pt
rxn05569_c	GAMpts
rxn05571_c	GLCNt2r
rxn05572_c	GLCRt2
rxn05573_c	GLCt2
rxn05574_c	GLCURt2r
rxn05578_c	GLYC3Pt
rxn05579_c	GLYBt2r
rxn05581_c	GLYCt
rxn05582_c	GLYt2r
rxn05585_c	HEXSabc
rxn05589_c	ICITt10
rxn05593_c	INSTt2r
rxn05594_c	ISETACabc
rxn05596_c	Kt3r
rxn05598_c	LCTSabc
rxn05599_c	LCYSTabc
rxn05602_c	L_LACt2r
rxn05604_c	L_LACNa1t
rxn05605_c	MALt2r
rxn05607_c	MALTpts
rxn05608_c	MALTTRabc
rxn05610_c	MANpts
rxn05611_c	MANt2r
rxn05612_c	MELIBt2r
rxn05613_c	METSOX1abc
rxn05614_c	METSOX2abc
rxn05616_c	MGt5
rxn05617_c	MNLpts
rxn05618_c	MNt2
rxn05619_c	MOBDabc
rxn05620_c	MOPSabc
rxn05621_c	MSO3abc
rxn05622_c	NAabcO
rxn05625_c	NO2t2r
rxn05626_c	NO2t3
rxn05627_c	NO3t2
rxn05630_c	PEPt2
rxn05634_c	PPAt2
rxn05635_c	PPIabc
rxn05638_c	PROt2r
rxn05644_c	RIBABCte
rxn05645_c	RIBFLVt2r
rxn05646_c	RMNt2
rxn05647_c	SALCpts
rxn05648_c	SBTt6
rxn05649_c	DSERt2r
rxn05651_c	SO4t2
rxn05652_c	SPMDt3
rxn05654_c	SUCCt2r
rxn05655_c	SUCpts
rxn05656_c	SULFACabc
rxn05663_c	TRPt2r
rxn05665_c	UMPt2
rxn05667_c	UREAt
rxn05669_c	VALt2r
rxn05671_c	XYLt
rxn05672_c	GLU_Dt2r
rxn05673_c	GALURt2r
rxn05679_c	DTMPt
rxn05680_c	XTSNt2r
rxn05681_c	DDGLCNt2r
rxn05682_c	ALLTNt2r
rxn05683_c	BUTt2r
rxn05687_c	PTRCt2
rxn05693_c	STYSt2
rxn05716_c	ETHAMPt2
rxn05717_c	PPPIt2
rxn05719_c	35CCMPt2
rxn05722_c	THMMPt2
rxn05728_c	TSULt2
rxn05732_c	ACOAD7i
rxn05733_c	CYSS3r
rxn05734_c	GLXO1
rxn05735_c	AACGLYDH
rxn05736_c	FACOAL140
rxn05737_c	TFMO2
rxn05740_c	GLCP
rxn05746_c	MLTG1
rxn05887_c	HYD5x
rxn05890_c	OAZUROX
rxn05893_c	FDOXR
rxn05902_c	FXXRDO
rxn05909_c	CYSTS2
rxn05937_c	FRDOr
rxn05938_c	POR4
rxn05939_c	OOR2r
rxn05942_c	5MTHFOX
rxn05957_c	SHSL2
rxn05958_c	RHCCE
rxn06022_c	ACPpds
rxn06023_c	ACPS1
rxn06031_c	4MOPOX
rxn06060_c	TSULST
rxn06075_c	RNDR4
rxn06076_c	RNDR3
rxn06077_c	METSOXR1r
rxn06078_c	AHSERL3
rxn06299_c	COF420H
rxn06335_c	2MEBCOADH
rxn06377_c	GCCa
rxn06493_c	GCCc
rxn06510_c	ACACT6r
rxn06526_c	PRODTHLOX
rxn06556_c	FA120ACPH
rxn06586_c	3MEBCOADH
rxn06591_c	GLUTRR
rxn06600_c	GCCb
rxn06621_c	3MOPLPAMO
rxn06672_c	BTNCL
rxn06673_c	ACCOACL
rxn06675_c	AADPSAEDH
rxn06723_c	U23GAAT
rxn06729_c	UAGAAT
rxn06777_c	HACD6
rxn06799_c	AMETDNAMT
rxn06802_c	AADPSAEDH2
rxn06848_c	EDTXS2
rxn06865_c	EDTXS1
rxn06874_c	NIT_n1p4
rxn06887_c	COBB
rxn06937_c	GLUTRS
rxn06979_c	CYRDAS
rxn06991_c	PRODSLFDH
rxn07191_c	G3PFDXOR
rxn07200_c	HYD5y
rxn07258_c	PLASMETHAPH
rxn07261_c	CDPEAS
rxn07295_c	GLYO
rxn07307_c	PSLACL
rxn07430_c	3MOBDC2
rxn07431_c	LPAMMPT
rxn07432_c	4MOPDC2
rxn07433_c	LPAMMBT
rxn07434_c	3MOPDC2
rxn07435_c	LPAMMBT2
rxn07438_c	TRDOXOX
rxn07441_c	26DAPLLAT
rxn07466_c	ALAALAD
rxn07468_c	DHSQLD
rxn07492_c	ASCBPL
rxn07577_c	r1314
rxn07578_c	r1315
rxn07584_c	RE1944C
rxn07586_c	CPC5MT1
rxn07587_c	CPC5MT2
rxn07588_c	CPC6MT
rxn07589_c	CPC6MT
rxn07845_c	GLCRHL
rxn08014_c	AACPS1
rxn08019_c	AACPS6
rxn08020_c	AACPS7
rxn08025_c	AB6PGH
rxn08040_c	ACGAMT
rxn08043_c	ACHBS
rxn08083_c	AGPAT120
rxn08084_c	AGPAT140
rxn08085_c	AGPAT141
rxn08086_c	AGPAT160
rxn08087_c	AGPAT161
rxn08088_c	AGPAT180
rxn08089_c	AGPAT181
rxn08094_c	AKGS
rxn08100_c	ALAGLUE
rxn08114_c	ALLTAMH
rxn08126_c	AMALT1
rxn08127_c	AMALT2
rxn08128_c	AMALT3
rxn08129_c	AMALT4
rxn08130_c	AMMQLT8
rxn08131_c	AMPMS2
rxn08178_c	BSORx
rxn08179_c	BSORy
rxn08180_c	BTS4
rxn08194_c	CBLAT
rxn08199_c	CDAPPA120
rxn08200_c	CDAPPA140
rxn08201_c	CDAPPA141
rxn08202_c	CDAPPA160
rxn08203_c	CDAPPA161
rxn08204_c	CDAPPA180
rxn08205_c	CDAPPA181
rxn08224_c	CLPNH180
rxn08231_c	CLPNS180
rxn08257_c	CRNCBCT
rxn08258_c	CRNCDH
rxn08275_c	CU2t3r
rxn08291_c	DAAD
rxn08294_c	DAGK120
rxn08295_c	DAGK140
rxn08296_c	DAGK141
rxn08297_c	DAGK160
rxn08298_c	DAGK161
rxn08299_c	DAGK180
rxn08300_c	DAGK181
rxn08306_c	DASYN120
rxn08307_c	DASYN140
rxn08308_c	DASYN141
rxn08309_c	DASYN160
rxn08310_c	DASYN161
rxn08311_c	DASYN180
rxn08312_c	DASYN181
rxn08333_c	DHNAOT4
rxn08335_c	DHORD2
rxn08336_c	DHORD5
rxn08345_c	DKGLCNR1
rxn08352_c	DMPPS
rxn08353_c	DMQMT
rxn08354_c	DMSOR1
rxn08356_c	DMSOR2
rxn08434_c	FA140ACPH
rxn08435_c	FA141ACPHi
rxn08437_c	FA161ACPH
rxn08438_c	FA80ACPHi
rxn08444_c	FACOAE180
rxn08458_c	FADRx
rxn08467_c	FDMO
rxn08468_c	FDMO2
rxn08469_c	FDMO3
rxn08470_c	FDMO4
rxn08471_c	FDMO6
rxn08518_c	FHL
rxn08521_c	FLVRx
rxn08527_c	FRD2
rxn08528_c	FRD3
rxn08546_c	G3PAT120
rxn08547_c	G3PAT140
rxn08548_c	G3PAT141
rxn08549_c	G3PAT160
rxn08550_c	G3PAT161
rxn08551_c	G3PAT180
rxn08552_c	G3PAT181
rxn08556_c	G3PD5
rxn08557_c	G3PD6
rxn08558_c	G3PD7
rxn08583_c	GALT1
rxn08615_c	GLCS1
rxn08618_c	GLCTR1
rxn08619_c	GLCTR2
rxn08620_c	GLCTR3
rxn08647_c	GLYCK2
rxn08655_c	GLYCTO2
rxn08656_c	GLYCTO3
rxn08657_c	GLYCTO4
rxn08669_c	GPDDA4
rxn08688_c	H2SO
rxn08703_c	HCYSMT2
rxn08707_c	HEMEOS
rxn08708_c	HEPK1
rxn08709_c	HEPK2
rxn08710_c	HEPT1
rxn08711_c	HEPT2
rxn08712_c	HEPT3
rxn08713_c	HEPT4
rxn08756_c	IPDPS
rxn08766_c	MALACPS
rxn08773_c	LADGMDH
rxn08775_c	LALGP
rxn08783_c	LDH_D2
rxn08792_c	L_LACD2
rxn08793_c	L_LACD3
rxn08796_c	LPLIPAL1A120
rxn08797_c	LPLIPAL1A140
rxn08798_c	LPLIPAL1A141
rxn08799_c	LPLIPAL1A160
rxn08800_c	LPLIPAL1A161
rxn08801_c	LPLIPAL1A180
rxn08802_c	LPLIPAL1A181
rxn08803_c	LPLIPAL1E120
rxn08804_c	LPLIPAL1E140
rxn08805_c	LPLIPAL1E141
rxn08806_c	LPLIPAL1E160
rxn08807_c	LPLIPAL1E161
rxn08808_c	LPLIPAL1E180
rxn08809_c	LPLIPAL1E181
rxn08810_c	LPLIPAL1G120
rxn08811_c	LPLIPAL1G140
rxn08812_c	LPLIPAL1G141
rxn08813_c	LPLIPAL1G160
rxn08814_c	LPLIPAL1G161
rxn08815_c	LPLIPAL1G180
rxn08816_c	LPLIPAL1G181
rxn08817_c	LPLIPAL2A120
rxn08818_c	LPLIPAL2A140
rxn08819_c	LPLIPAL2A141
rxn08820_c	LPLIPAL2A160
rxn08821_c	LPLIPAL2A161
rxn08822_c	LPLIPAL2A180
rxn08823_c	LPLIPAL2A181
rxn08838_c	LPLIPAL2E120
rxn08839_c	LPLIPAL2E140
rxn08840_c	LPLIPAL2E141
rxn08841_c	LPLIPAL2E160
rxn08842_c	LPLIPAL2E161
rxn08843_c	LPLIPAL2E180
rxn08844_c	LPLIPAL2E181
rxn08845_c	LPLIPAL2G120
rxn08846_c	LPLIPAL2G140
rxn08847_c	LPLIPAL2G141
rxn08848_c	LPLIPAL2G160
rxn08849_c	LPLIPAL2G161
rxn08850_c	LPLIPAL2G180
rxn08851_c	LPLIPAL2G181
rxn08861_c	MACPD
rxn08900_c	MDH2
rxn08901_c	MDH3
rxn08933_c	MLTG2
rxn08934_c	MLTG3
rxn08935_c	MLTG4
rxn08936_c	MLTG5
rxn08941_c	MLTP1
rxn08942_c	MLTP2
rxn08943_c	MLTP3
rxn08954_c	MOAT3C
rxn08971_c	NADH10
rxn08975_c	NADH5
rxn08976_c	NADH9
rxn08977_c	NADPHQR2
rxn08978_c	NADPHQR3
rxn08979_c	NADPHQR4
rxn08981_c	NAMNPP
rxn09014_c	NTPP7
rxn09016_c	NTPTP2
rxn09039_c	OMBZLM
rxn09041_c	OMMBLHX3
rxn09042_c	OMPHHX
rxn09044_c	OPHHX
rxn09045_c	OPHHX3
rxn09067_c	PAPA180
rxn09101_c	PGPP120
rxn09102_c	PGPP140
rxn09103_c	PGPP141
rxn09104_c	PGPP160
rxn09105_c	PGPP161
rxn09106_c	PGPP180
rxn09107_c	PGPP181
rxn09108_c	PGSA120
rxn09109_c	PGSA140
rxn09110_c	PGSA141
rxn09111_c	PGSA160
rxn09112_c	PGSA161
rxn09113_c	PGSA180
rxn09114_c	PGSA181
rxn09119_c	PHYTS
rxn09123_c	PLIPA1A120
rxn09124_c	PLIPA1A140
rxn09125_c	PLIPA1A141
rxn09126_c	PLIPA1A160
rxn09127_c	PLIPA1A161
rxn09128_c	PLIPA1A180
rxn09129_c	PLIPA1A181
rxn09130_c	PLIPA1E120
rxn09131_c	PLIPA1E140
rxn09132_c	PLIPA1E141
rxn09133_c	PLIPA1E160
rxn09134_c	PLIPA1E161
rxn09135_c	PLIPA1E180rev
rxn09136_c	PLIPA1E181
rxn09137_c	PLIPA1G120
rxn09138_c	PLIPA1G140
rxn09139_c	PLIPA1G141
rxn09140_c	PLIPA1G160
rxn09141_c	PLIPA1G161
rxn09142_c	PLIPA1G180
rxn09143_c	PLIPA1G181
rxn09144_c	PLIPA2A120
rxn09145_c	PLIPA2A140
rxn09146_c	PLIPA2A141
rxn09147_c	PLIPA2A160
rxn09148_c	PLIPA2A161
rxn09149_c	PLIPA2A180
rxn09150_c	PLIPA2A181
rxn09151_c	PLIPA2E120
rxn09152_c	PLIPA2E140
rxn09153_c	PLIPA2E141
rxn09154_c	PLIPA2E160
rxn09155_c	PLIPA2E161
rxn09156_c	PLIPA2E180
rxn09157_c	PLIPA2E181
rxn09158_c	PLIPA2G120
rxn09159_c	PLIPA2G140
rxn09160_c	PLIPA2G141
rxn09161_c	PLIPA2G160
rxn09162_c	PLIPA2G161
rxn09163_c	PLIPA2G180
rxn09164_c	PLIPA2G181
rxn09167_c	POX
rxn09177_c	r0671
rxn09180_c	PPPGO3
rxn09188_c	PROD2
rxn09197_c	PSD120
rxn09198_c	PSD140
rxn09199_c	PSD141
rxn09200_c	PSD160
rxn09201_c	PSD161
rxn09202_c	PSD180
rxn09203_c	PSD181
rxn09205_c	PSSA120
rxn09206_c	PSSA140
rxn09207_c	PSSA141
rxn09208_c	PSSA160
rxn09209_c	PSSA161
rxn09210_c	PSSA180
rxn09211_c	PSSA181
rxn09212_c	PTHR
rxn09225_c	RHAT1
rxn09240_c	SADT2
rxn09264_c	SPMDAT1
rxn09265_c	SPMDAT2
rxn09272_c	SUCDi
rxn09289_c	TDPADGAT
rxn09296_c	THIORDXi
rxn09310_c	THZPSN
rxn09313_c	TMAOR1
rxn09315_c	TMAOR2
rxn09341_c	UACGAMP
rxn09345_c	UDCPDPS
rxn09358_c	UM3PL
rxn09398_c	GLCS2
rxn09424_c	FAS240_Lrev
rxn09430_c	FAS161ACP
rxn09436_c	FAS140ACPrev
rxn09446_c	FACOAL240rev
rxn09447_c	FACOAL182
rxn09448_c	FACOAL181
rxn09449_c	FACOAL180
rxn09450_c	FACOAL161
rxn09451_c	FACOAL141
rxn09456_c	FA180ACPHrev
rxn09458_c	DESAT18
rxn09460_c	DESAT14
rxn09463_c	FAO240
rxn09464_c	FAO182
rxn09467_c	FAO181O
rxn09468_c	FAO181E
rxn09471_c	FAO141p_odd
rxn09472_c	FAO141p_even
rxn09486_c	UDPACGLP
rxn09532_c	ACPS
rxn09562_c	GK2
rxn09632_c	THMDP
rxn09657_c	THMt3
rxn09658_c	SUCRt2
rxn09660_c	SPMDt2
rxn09661_c	SBT_Lt
rxn09667_c	OCDCYAt
rxn09668_c	OCDCEAtr
rxn09669_c	OCDCAtr
rxn09671_c	MMETt2
rxn09674_c	LYSt2r
rxn09675_c	HDCEAtr
rxn09677_c	GTHOXti3
rxn09680_c	GCALDt
rxn09685_c	DURIt2
rxn09686_c	DTTPti
rxn09687_c	DINSt2
rxn09688_c	DGSNt2
rxn09692_c	CHLt2r
rxn09696_c	AMETt2
rxn09697_c	ALLTTti
rxn09699_c	AKGMAL
rxn09702_c	5AOPt2
rxn09901_c	LAAL_GLYLEU
rxn09903_c	LAAL_ALALEU
rxn09907_c	LAAL1
rxn09908_c	LAAL2
rxn09913_c	LAAL_GLYPHE
rxn09918_c	LAAL_GLYTYR
rxn09925_c	LAAL3
rxn09926_c	LAAL4
rxn09931_c	LAAL_ALAHIS
rxn09938_c	LAAL_CGLY
rxn09944_c	MMSAD2
rxn09953_c	ACTNDH
rxn09978_c	MADGBG
rxn09979_c	MBDGBG
rxn09988_c	ARABASE3e
rxn09989_c	DEXTRINASE
rxn09992_c	6PHBG
rxn09996_c	TEICH45
rxn09997_c	AHMMPS
rxn10010_c	ACOAD2
rxn10011_c	ACOAD3rev
rxn10012_c	ACOAD4rev
rxn10013_c	ACOAD5rev
rxn10014_c	ACOAD6rev
rxn10029_c	KAS13
rxn10030_c	KAS17rev
rxn10036_c	KAS7
rxn10042_c	ATPS4
rxn10043_c	CYOO3
rxn10044_c	CYOR3
rxn10046_c	CYTB_B3
rxn10052_c	ADK2
rxn10053_c	AIRC1
rxn10054_c	CMPDAi
rxn10058_c	NADK3
rxn10059_c	NADK4
rxn10060_c	NADK2
rxn10067_c	FDMO5
rxn10094_c	AMMQT8r
rxn10100_c	KAS16
rxn10104_c	FAO2
rxn10113_c	CYTBD
rxn10114_c	FDH2
rxn10116_c	GLCDe
rxn10117_c	HYD3
rxn10118_c	HYD1
rxn10119_c	HYD2
rxn10120_c	NO3R1
rxn10121_c	NO3R2
rxn10122_c	NADH6
rxn10123_c	NADH7
rxn10124_c	NADH8
rxn10125_c	THD2
rxn10126_c	SUCD4
rxn10127_c	TMAOR1e
rxn10128_c	TMAOR2e
rxn10131_c	r1667
rxn10132_c	CYNTt2
rxn10133_c	PPPNt2r
rxn10136_c	GLUABUTt7
rxn10141_c	NMNt7
rxn10144_c	ASNabc
rxn10145_c	DAPabc
rxn10147_c	CBL1abc
rxn10148_c	CADVt
rxn10149_c	CRNt7
rxn10150_c	CITt7
rxn10151_c	ASPt2_2
rxn10152_c	FUMt2_2
rxn10153_c	MALt2_2
rxn10154_c	SUCCt2_2
rxn10155_c	ASPt2_3
rxn10157_c	SUCCt2_3
rxn10160_c	GALCTNt2r
rxn10161_c	OCDCAt2
rxn10162_c	HDCAt2
rxn10163_c	TTDCAt2
rxn10167_c	IDONt2r
rxn10168_c	HKt
rxn10169_c	LCTSt
rxn10174_c	MALTHXabc
rxn10176_c	INDOLEt2r
rxn10180_c	PNTOt4
rxn10181_c	NMNP
rxn10182_c	PTRCORNt7
rxn10183_c	ACMANApts
rxn10184_c	SBTpts
rxn10187_c	MAN6Pt6_2
rxn10188_c	F1PPt
rxn10191_c	ALAPGPL
rxn10192_c	CDPGLYCGPT
rxn10193_c	PGPGT
rxn10194_c	TECAUE
rxn10195_c	TECAGE
rxn10196_c	TECAAE
rxn10197_c	TECA4S
rxn10199_c	PEPGLY
rxn10202_c	HDG3PACT
rxn10203_c	TDG3PACT
rxn10204_c	SGAT
rxn10205_c	G3PATI17
rxn10206_c	G3PATAI17
rxn10207_c	G3PATI14
rxn10208_c	G3PATI15
rxn10209_c	G3PATAI15
rxn10210_c	G3PATI16
rxn10211_c	ACOAAGPAT160
rxn10212_c	ACOAAGPAT140
rxn10213_c	ACOAAGPAT180
rxn10214_c	ACOAAGPATAI17
rxn10215_c	ACOAAGPATI17
rxn10216_c	ACOAAGPATI14
rxn10217_c	ACOAAGPATI15
rxn10218_c	ACOAAGPATAI15
rxn10219_c	ACOAAGPATI16
rxn10220_c	DASYNI17
rxn10221_c	DASYNAI17
rxn10222_c	DASYNI14
rxn10223_c	DASYNI15
rxn10224_c	DASYNAI15
rxn10225_c	DASYNI16
rxn10226_c	PSSAI17
rxn10227_c	PSSAAI17
rxn10228_c	PSSAI14
rxn10229_c	PSSAI15
rxn10230_c	PSSAAI15
rxn10231_c	PSSAI16
rxn10232_c	PSDI17
rxn10233_c	PSDAI17
rxn10234_c	PSDI14
rxn10235_c	PSDI15
rxn10236_c	PSDAI15
rxn10237_c	PSDI16
rxn10238_c	PAI17P
rxn10239_c	PAAI17P
rxn10253_c	IHDGK
rxn10254_c	IAHDGK
rxn10255_c	ITDGK
rxn10256_c	IPDGK
rxn10257_c	IAPDGK
rxn10258_c	IHXDGK
rxn10259_c	PGSAI17
rxn10260_c	PGSAAI17
rxn10261_c	PGSAI14
rxn10262_c	PGSAI15
rxn10263_c	PGSAAI15
rxn10264_c	PGSAI16
rxn10265_c	PGPPI17
rxn10266_c	PGPPAI17
rxn10267_c	PGPPI14
rxn10268_c	PGPPI15
rxn10269_c	PGPPAI15
rxn10270_c	PGPPI16
rxn10271_c	PUDPDGT
rxn10272_c	MUDPDGT
rxn10273_c	SUDPDGT
rxn10274_c	IHDUDPG
rxn10275_c	AIHDUPDG
rxn10276_c	ITDUDPG
rxn10277_c	IPDUDPG
rxn10278_c	AIPDUDPG
rxn10279_c	IXDUDPG
rxn10280_c	PUDPMGT
rxn10281_c	MUDPMGT
rxn10282_c	SUDPMGT
rxn10283_c	IHDUDPMG
rxn10284_c	AIHDUDPMG
rxn10285_c	ITDUDPMG
rxn10286_c	IPDUDPMG
rxn10287_c	AIPDUDPMG
rxn10288_c	IXDUDPMG
rxn10289_c	TECA1S160
rxn10290_c	TECA1S140
rxn10291_c	TECA1S180
rxn10292_c	TECA1SI17
rxn10293_c	TECA1SAI17
rxn10294_c	TECA1SI14
rxn10295_c	TECA1SI15
rxn10296_c	TECA1SAI15
rxn10297_c	TECA1SI16
rxn10298_c	TECA2S160
rxn10299_c	TECA2S140
rxn10300_c	TECA2S180
rxn10301_c	TECA2SI17
rxn10302_c	TECA2SAI17
rxn10303_c	TECA2SI14
rxn10304_c	TECA2SI15
rxn10305_c	TECA2SAI15
rxn10306_c	TECA2SI16
rxn10307_c	TECA5S160
rxn10308_c	TECA5S140
rxn10309_c	TECA5S180
rxn10310_c	TECA5SI17
rxn10311_c	TECA5SAI17
rxn10312_c	TECA5SI14
rxn10313_c	TECA5SI15
rxn10314_c	TECA5SAI15
rxn10315_c	TECA5SI16
rxn10316_c	TECA3S160
rxn10317_c	TECA3S140
rxn10318_c	TECA3S180
rxn10319_c	TECA3SI17
rxn10320_c	TECA3SAI17
rxn10321_c	TECA3SI14
rxn10322_c	TECA3SI15
rxn10323_c	TECA3SAI15
rxn10324_c	TECA3SI16
rxn10334_c	CLPNS160
rxn10335_c	CLPNS140
rxn10336_c	CLPNS180
rxn10337_c	CLPNSI17
rxn10338_c	CLPNSAI17
rxn10339_c	CLPNSI14
rxn10340_c	CLPNSI15
rxn10341_c	CLPNSAI15
rxn10342_c	CLPNSI16
rxn10343_c	HG2abc
rxn10344_c	PBt
rxn10447_c	CA2abc
rxn10449_c	CBIabc
rxn10473_c	r2137
rxn10474_c	COBALTt5
rxn10476_c	COCHL
rxn10481_c	Cuabc
rxn10482_c	CYRDARrev
rxn10483_c	CYRDAS
rxn10484_c	DAPDH
rxn10537_c	GLYt4r
rxn10541_c	H2St
rxn10542_c	H2td
rxn10571_c	MG2abc
rxn10577_c	N2t
rxn10600_c	SHCHCC
rxn10604_c	SO3t
rxn10609_c	LTHRP
rxn10615_c	TSR
rxn10622_c	HMPK3
rxn10626_c	SHCHCS
rxn10653_c	PHDCATA
rxn10663_c	FAO11
rxn10709_c	FACOALPHDCA
rxn10718_c	FASPHDCA
rxn10752_c	AACPS11
rxn10770_c	CHOLD
rxn10785_c	DPPS
rxn10806_c	CYTBD2
rxn10819_c	PHDCAt
rxn10822_c	ARB_Dabc
rxn10823_c	NARK
rxn10824_c	ORNt
rxn10827_c	SKMt2
rxn10829_c	GTHRDt2
rxn10832_c	COAt
rxn10833_c	MALTHPabc
rxn10834_c	LYSt5r
rxn10841_c	ETHAtr
rxn10855_c	CIT_Mgt
rxn10857_c	CYTDt4
rxn10865_c	LACpts
rxn10867_c	NCAMUP
rxn10868_c	NH4t4
rxn10887_c	TAGO
rxn10892_c	THMDt4
rxn10895_c	URIt4
rxn10908_c	r0839
rxn10919_c	PHEMEt
rxn10928_c	r2525
rxn10937_c	KAS_HP
rxn10945_c	PROPAT4te
rxn10951_c	PDH2
rxn10954_c	C180SNrev
rxn10963_c	FE2tr
rxn10974_c	TYRt
rxn10977_c	NO3t3
rxn11004_c	AKO
rxn11007_c	TMDSf
rxn11014_c	DCYTt
rxn11018_c	PHEtec
rxn11040_c	GND2
rxn11174_c	ALATA_D3
rxn11206_c	TYRTA2
rxn11207_c	TYRTA3
rxn11258_c	4ABZS
rxn11262_c	SPMDabc
rxn11263_c	PTRCabc
rxn11267_c	R5PPPK
rxn11268_c	PPIt2e
rxn11334_c	NCAMt2r
rxn11337_c	PHEt2r
rxn11544_c	R05224
rxn11545_c	PRE3A
rxn11650_c	CYRDAR
rxn11676_c	ACTPO
rxn11684_c	FRDPFT
rxn11702_c	SEPHCHS
rxn11703_c	SHCHCS3
rxn11710_c	RE0577C
rxn11711_c	FACOAE181
rxn11733_c	DMPPL
rxn11744_c	CHOLOX
rxn11932_c	N2OO
rxn11934_c	AMPSO3OX
rxn11937_c	N2OFO
rxn11938_c	FMFUROr
rxn11940_c	DVPROTOCHLOROPH1
rxn11941_c	DVPROTOCHLOROPH2
rxn11942_c	DVPROTOCHLOROPH3
rxn11944_c	5MTHCYST
rxn11946_c	DMQMT2
rxn12008_c	HETT
rxn12146_c	5DGCLURI
rxn12147_c	DKDID2
rxn12188_c	FRUP
rxn12206_c	MALDC
rxn12215_c	5MTHGLUS
rxn12220_c	CPPPGOrev
rxn12224_c	2OMPHH
rxn12225_c	OPHHX
rxn12239_c	4HBADH
rxn12376_c	4HBAt
rxn12383_c	ANTHte
rxn12405_c	BHBtp
rxn12432_c	MALNt
rxn12500_c	TCBO
rxn12510_c	PNTK
rxn12512_c	PPNCL3
rxn12523_c	ALAGLUt2r
rxn12526_c	GAMt3r
rxn12535_c	ISETACt2r
rxn12537_c	F6Pt2r
rxn12542_c	GLYASNt2r
rxn12544_c	METALAt
rxn12549_c	4HBZt2
rxn12552_c	GLYMETt2r
rxn12555_c	GLYGLNt2r
rxn12558_c	ALALEUt2r
rxn12568_c	ALAGLNt2r
rxn12574_c	ARABDt2
rxn12576_c	GLYPROt2r
rxn12589_c	SALCt2
rxn12594_c	ALAHISt2r
rxn12597_c	AGMt2r
rxn12600_c	GLYGLUt2r
rxn12608_c	GLYASPt2r
rxn12616_c	ALATHRt2r
rxn12625_c	ALAGLYt2r
rxn12628_c	ALAASPt2r
rxn12630_c	ACGAMtr2
rxn12633_c	ALAASP1c
rxn12634_c	GLYGLU1c
rxn12635_c	GLYMET1c
rxn12636_c	METALA1c
rxn12637_c	GLYASP1c
rxn12638_c	GLYPROPRO1c
rxn12639_c	ALAGLN1c
rxn12640_c	ALAGLU1c
rxn12641_c	ALAGLY1c
rxn12642_c	ALAHIS1c
rxn12643_c	ALALEU1c
rxn12644_c	ALATHR1c
rxn12645_c	GLYASN1c
rxn12646_c	GLYGLN1c
rxn12647_c	DATPt
rxn12648_c	DGTPt
rxn12649_c	FOLRrev
rxn12663_c	GTPt
rxn12664_c	MK7te
rxn12666_c	PYDXtr
rxn12773_c	HADPCOADH
rxn12800_c	HCO3T
rxn12822_c	GLFRDO
rxn12844_c	AMPTASEGC
rxn12845_c	GLYLEUHYDROc
rxn12846_c	GLYPHEHYc
rxn12847_c	GLYTYR1c
rxn12848_c	GLYCYSabc
rxn12849_c	GLYLEUPEPT1tc
rxn12850_c	GLYPHEabc
rxn12851_c	GLYTYRabc
rxn12860_c	LANOSTt
rxn12933_c	ACPACT
rxn12991_c	ACCOAC2
rxn13012_c	IPK1
rxn13022_c	LEU2
rxn13097_c	PYDXNtr
rxn13139_c	NTP3PIP1
rxn13140_c	NTP3PIP2
rxn13143_c	THRD2
rxn13150_c	5MTHFCL
rxn13160_c	DDCAt
rxn13211_c	ACALDCD
rxn13291_c	G3PCtr
rxn13360_c	NADPt
rxn13362_c	NFORTYRt
rxn13363_c	NFTYROX
rxn13365_c	OAAt
rxn13392_c	PTRCt3i
rxn13395_c	SHCHD2y
rxn13397_c	r0944
rxn13399_c	SQLErev
rxn13410_c	TYRNFT
rxn13414_c	UTPH1
rxn13477_c	IPFPHS
rxn13647_c	NO2rPuq
rxn13648_c	NTRIR4
rxn13659_c	ACOAD8x
rxn13661_c	AMMQT7rev
rxn13681_c	COBALTt
rxn13727_c	NADH13
rxn13729_c	NADH19
rxn13746_c	SO3R3
rxn13747_c	THRt2r
rxn13761_c	ASPO8
rxn13765_c	ISPREt
rxn13778_c	AHCYSts
rxn13781_c	DPCOAt
rxn13782_c	pbiosynthesis
rxn13783_c	dreplication
rxn13784_c	rtranscription
rxn13822_c	DAD_5t
rxn13840_c	HHDHL7
rxn13842_c	HKatp
rxn13846_c	HTDHL
rxn13847_c	KBL1
rxn13850_c	MACPOR
rxn13918_c	ZNabc
rxn13919_c	ZN2t
rxn14012_c	IPTT
rxn14120_c	FOLR3
rxn14144_c	UDPGNP
rxn14173_c	NO2OX
rxn14184_c	NO2O
